1.442635655806299440e+02
1.442635655806299440e+02
1.442635655806299440e+02
1.442635655806299440e+02
1.442635655806299440e+02
1.442635655806299440e+02
1.442635655806299440e+02
1.442726082785022186e+02
1.442726082785022186e+02
1.442635655806299440e+02
1.442635655806299440e+02
1.442635655806299440e+02
1.898380293239582102e+02
1.898380293239582102e+02
1.442635655806299440e+02
1.442635655938063621e+02
2.386204909981319986e+02
2.386204909849883222e+02
1.442635655806299440e+02
2.883638489547954578e+02
2.883638489547954578e+02
1.442635655806299440e+02
1.442635656247742020e+02
2.443667623958625370e+02
2.443667623519312713e+02
1.442635655806299440e+02
1.442635655806299440e+02
1.442639641786471998e+02
1.442639641786471998e+02
1.442635659271696227e+02
1.442635659271696227e+02
1.442635655806299440e+02
1.442635655806299440e+02
1.443815066207762356e+02
1.443815066207762356e+02
1.444094959893426733e+02
1.444094959893426733e+02
2.027153080071870761e+02
2.177552624010025681e+02
1.600185888926045266e+02
1.442722912578477690e+02
1.442722912578475984e+02
1.442635655806299440e+02
1.442661308908663500e+02
1.442663263066577315e+02
1.442637609964213254e+02
1.442636011615644804e+02
1.976150453127599178e+02
1.976150097484290313e+02
1.442635655862442547e+02
1.442635655806299440e+02
1.448255698245616259e+02
1.448255698246437646e+02
1.443667578157162552e+02
2.750036068736599759e+02
2.749294095982692170e+02
1.442635655840708750e+02
1.442811893983748632e+02
1.822806621123112620e+02
1.822630473384529637e+02
1.494031420633831715e+02
1.494031420633860989e+02
1.442635677460910131e+02
2.934221428442868955e+02
2.956869258228140325e+02
1.594728872878478683e+02
1.977816055108451110e+02
1.970226574365490535e+02
1.442636107568547459e+02
1.442635655806313650e+02
1.442635655813301128e+02
1.509357480514893552e+02
1.509357480507906075e+02
1.442635666283475473e+02
1.838238617172292209e+02
1.839896151488799205e+02
1.444295647427383358e+02
1.442635655806299440e+02
1.442635655806522834e+02
1.443128906097907986e+02
1.443128906324223806e+02
1.492251666494953497e+02
2.445666848514114236e+02
2.401818897110118769e+02
1.483927800649839526e+02
1.501261825195549022e+02
2.779433886924736044e+02
2.769202599878865385e+02
2.593318014323510852e+02
2.593318014323540979e+02
1.463747569106046740e+02
1.463747569106015192e+02
3.300496483661765410e+02
3.369969541312557908e+02
2.357051610950512099e+02
1.442664183033609788e+02
1.442935691341043878e+02
1.454947040381769625e+02
2.553756554989109873e+02
2.765476182927339437e+02
1.756575265713646843e+02
1.442635655806321608e+02
2.083911589402247841e+02
2.409963427210462612e+02
1.802148514765884215e+02
1.443310638875204006e+02
1.442931189905221459e+02
2.578721102406003638e+02
2.646969376567258223e+02
1.539812652622244684e+02
1.448854556245640026e+02
1.443173730711176290e+02
1.443173507643154210e+02
1.475775305461586129e+02
1.475775392014026295e+02
1.442635742358808386e+02
1.442635681336770404e+02
1.442635681354405790e+02
3.911536997024720108e+02
4.158150139037277313e+02
3.967527000304768876e+02
1.460515879255230800e+02
2.753518413146975377e+02
2.742225536140643385e+02
1.459697805642867081e+02
1.565129225865337048e+02
2.296209479344167619e+02
3.297430812989294964e+02
3.242208289641818624e+02
1.827276396290419598e+02
2.279687726021109597e+02
1.946765297544465341e+02
1.447308176305151051e+02
1.611652217745823066e+02
1.606980613506177633e+02
1.743689719929504349e+02
4.091975287289976677e+02
4.182772108362560175e+02
3.747691021258835349e+02
1.454923043721695990e+02
1.451399752390187246e+02
1.795043855496092533e+02
3.095444091219486609e+02
3.084956681196933346e+02
2.618676164578507155e+02
2.595496771102617686e+02
1.744078553424205609e+02
2.619331735857968511e+02
2.403065053722182256e+02
1.459781878171013716e+02
1.666067558546193936e+02
1.648935874946420199e+02
2.337611750299182347e+02
2.337611750339587502e+02
1.442635655846759732e+02
1.891200608721915160e+02
1.935669052060242734e+02
2.992692284327943639e+02
3.109270265705818019e+02
1.881347329769797625e+02
1.443728295654809983e+02
1.467211975709005003e+02
1.516372139876411040e+02
1.493468286148110735e+02
1.443474476724166777e+02
2.883628858711070961e+02
2.925701566748699634e+02
1.577085377955756371e+02
1.456478992886825665e+02
1.456478990779096421e+02
1.442635658603539639e+02
3.263846183538156538e+02
3.756436767684213009e+02
3.137763491393155846e+02
1.443015990155156203e+02
1.598120266210912916e+02
1.939589492315488997e+02
2.175909472411754280e+02
2.997832367373262628e+02
2.803084516602294798e+02
3.597070326746974729e+02
4.174150632994871444e+02
4.100761719170320703e+02
2.841916677962371978e+02
3.167673539090031909e+02
4.648805106354681698e+02
5.364943379959446474e+02
5.566245076541490562e+02
5.540788029518978419e+02
4.603187258783448215e+02
1.527495800702092481e+02
2.712750940470493788e+02
2.662757832984137849e+02
2.215854711952301273e+02
2.215854679390452020e+02
2.735453225508165360e+02
2.735602992653806496e+02
2.500322015198378836e+02
2.511291732795476435e+02
3.257653885574112564e+02
3.296647023295473105e+02
3.325963210438754913e+02
3.148305201302060254e+02
1.450230402435937265e+02
1.443068516081239636e+02
1.460185516262207841e+02
1.459851685202003750e+02
1.442660234494580038e+02
2.258792267823144471e+02
3.694363338578187950e+02
3.989365352574715189e+02
3.734173358835387262e+02
3.536861449191420661e+02
1.483457302418829613e+02
3.739629815327525648e+02
4.010069401345084543e+02
3.576012329302637340e+02
1.479069185118787289e+02
1.666727767885943479e+02
3.192539986514052543e+02
3.253702932387361670e+02
3.165725531590117043e+02
3.129091088732796493e+02
1.442825984293961881e+02
2.089789855553272560e+02
3.031258638877886824e+02
2.638881942907525513e+02
1.442654854857071882e+02
1.442654854946133298e+02
1.573284820174750962e+02
2.334752450137421533e+02
2.742292401465189187e+02
2.116154541215882148e+02
1.471844101910961058e+02
1.856717447819762583e+02
2.238032023827700243e+02
2.699759818371979918e+02
3.196153079867928568e+02
2.876989483033411261e+02
1.779142596507879261e+02
1.508231700127266777e+02
2.565945097897600249e+02
2.540564530250476309e+02
2.609287056968781258e+02
2.584898320616601382e+02
2.166153495301756777e+02
3.564956054649625230e+02
3.757988209380313265e+02
3.251482132213592422e+02
2.362809538073566387e+02
3.016048134595054080e+02
2.959755931258512760e+02
2.106942925942028353e+02
2.527617901485230618e+02
1.968233350098768994e+02
2.815992092740061139e+02
4.902486462975894028e+02
5.179628288337461299e+02
5.182755259842779196e+02
4.207201509396147685e+02
3.254254001446799975e+02
1.908974161871189779e+02
2.459622100062012464e+02
3.102650994072682238e+02
2.590812544164107862e+02
1.476913469183692769e+02
1.717058825225800831e+02
3.121332818022751781e+02
3.118796920519840228e+02
1.754572131853948633e+02
2.298498729632661934e+02
3.184780191481205520e+02
2.823908897091018275e+02
1.627263908248406210e+02
1.646152494324811073e+02
1.828836367284882272e+02
2.253574921383209926e+02
3.128481733140639562e+02
3.045919709631187402e+02
1.922555393962870198e+02
2.025873266883258736e+02
2.749723376315122891e+02
2.709550110909847263e+02
2.486057234076752138e+02
2.833556179779054673e+02
2.811492928029969107e+02
2.419487251732081461e+02
1.516961027256921000e+02
2.970673822979724719e+02
2.972382558551294096e+02
1.773607020655761346e+02
1.670370416466360552e+02
2.283033926943240601e+02
2.284564737962632250e+02
3.158590752288204158e+02
3.246969046515695254e+02
2.111023273802366589e+02
2.465977601580947862e+02
2.823042440477385071e+02
1.958157502983221150e+02
3.439185730905909963e+02
3.717866839798787737e+02
2.999731977203792326e+02
1.480283338809064162e+02
1.444195025396166159e+02
1.892167092381336602e+02
1.892146620419995031e+02
3.156974578391141222e+02
3.304971351166003046e+02
3.077703954218640661e+02
2.527560318999980780e+02
1.453403329068035816e+02
2.614138279930517115e+02
4.708510110313123960e+02
4.661991749022405429e+02
4.479215804664732445e+02
1.522264621444677459e+02
2.396644532061191342e+02
2.418836522573259060e+02
2.198655113723217482e+02
2.357614596170564027e+02
3.380464797335396270e+02
3.811462201288994152e+02
3.512666891378630112e+02
3.288009130675728784e+02
3.205543122031376129e+02
1.847173620210470517e+02
3.653925147140544141e+02
4.096448441353684302e+02
3.960248104625519545e+02
2.280702704172684889e+02
1.461862195070997075e+02
1.443963651685678542e+02
2.960426489620036250e+02
3.433414207198660506e+02
3.485328368962246941e+02
3.559013781113105779e+02
3.225930319458383906e+02
3.458939314601561250e+02
4.055815686446053405e+02
3.866995191481606753e+02
2.061544682197825580e+02
3.387454959432506030e+02
3.685151199649761224e+02
3.393309747191059387e+02
2.613817748786556194e+02
3.202219508941256549e+02
3.760885289066973769e+02
4.019739588217977371e+02
3.836229721026641641e+02
2.994903437403950761e+02
2.686599370418907711e+02
3.459994750233182117e+02
4.175338630918856211e+02
5.190058388149109305e+02
5.346676354720743802e+02
5.273222859587390303e+02
4.287549344915017855e+02
3.626879471018083336e+02
2.267928957623834947e+02
2.245532464264018131e+02
1.796288058322997756e+02
2.614229688997097583e+02
2.997833319796653200e+02
3.789307558624241778e+02
3.994622681919001366e+02
3.763068633136199423e+02
2.678986319611436784e+02
2.680453813103420657e+02
2.205143719290488775e+02
2.588432911632646096e+02
2.536999413380725912e+02
2.112456494704472902e+02
2.010610880770799724e+02
2.004589090217707223e+02
2.117740610384240938e+02
2.559593211509659056e+02
1.974581032240918432e+02
1.808643539851523201e+02
2.230918768200950524e+02
2.868928980128634976e+02
3.099069596218351421e+02
2.692848435935649150e+02
1.926491928307078467e+02
1.482763721229708267e+02
1.480650998177246151e+02
2.806242739274615587e+02
2.824183141274855871e+02
1.550698653667135716e+02
2.021709359996535511e+02
1.971338853184394111e+02
2.351349964308384415e+02
2.346675111446257063e+02
2.501563026012368312e+02
2.700496232283333029e+02
2.130508661281799050e+02
1.859438781360282178e+02
2.385518538579468668e+02
2.559107996949666699e+02
3.686929262954855631e+02
4.035956633842803285e+02
3.749155496078386705e+02
2.749952718925201793e+02
2.377763479095980585e+02
2.749152252786205395e+02
2.717205304232088565e+02
2.063662080404847359e+02
2.044856401990980146e+02
2.558543812894124869e+02
2.732851450195213943e+02
2.796002066465891858e+02
2.764879048941627957e+02
3.095968237791930733e+02
3.176701600262691159e+02
3.395520435395019945e+02
3.753375369943132114e+02
3.538753352587277732e+02
2.860335449839560056e+02
3.237174601264164266e+02
2.782765278082183045e+02
3.772128698968907656e+02
4.198509268891910438e+02
4.305291409683879920e+02
3.715439161396201371e+02
3.710606393748613527e+02
1.654822896263307825e+02
3.016306194505693270e+02
3.016326444162586427e+02
2.137291298079601631e+02
3.255889901878258570e+02
3.772082257402330470e+02
3.585578815833920316e+02
3.319483176627377929e+02
3.287495183679305910e+02
2.174842216868186142e+02
1.938327773493594464e+02
2.741024289250495940e+02
3.660008428685953845e+02
3.944994457489460160e+02
3.690375872196691489e+02
3.588021525925926767e+02
2.941298239107633776e+02
4.032716890388181810e+02
4.049953865598146194e+02
3.564197515878993840e+02
3.270848874762991159e+02
1.899878531497951712e+02
1.991390955981408410e+02
2.310187635294121264e+02
2.108335495009317810e+02
2.118016010828716844e+02
2.918834812936404433e+02
2.688546943657464681e+02
2.819804623594951636e+02
3.063432582579033010e+02
3.416643213368376450e+02
4.079400632937581008e+02
4.074273715414569779e+02
3.472931804032361356e+02
2.927372918356481364e+02
2.590462831184544825e+02
3.385322909566112912e+02
4.274881737430227986e+02
4.803325866600536074e+02
5.496322352599121359e+02
5.530757133226865108e+02
4.819442175818680880e+02
4.212612754670292361e+02
3.055167809561698391e+02
3.419670793117955441e+02
3.438308230664189296e+02
3.637362028554741755e+02
3.581594654291590700e+02
5.022574205613540812e+02
5.514994573811161445e+02
5.501772171064192207e+02
4.894259768859499218e+02
2.671563345457556125e+02
4.241846675304525434e+02
4.289210933073480874e+02
4.087481333540456490e+02
3.611954877167558493e+02
2.134574609866741355e+02
3.259127855183634779e+02
3.123499085742092802e+02
1.475546435673402357e+02
2.856465135289120667e+02
2.991879787009267488e+02
3.288585271264206540e+02
3.446826578232303859e+02
3.324208869741997887e+02
3.591909973265815097e+02
3.961455869546738882e+02
4.113494764804465262e+02
3.930137584201033292e+02
3.568515017956096358e+02
2.137626315287591297e+02
1.791422826508112394e+02
2.061915142127284923e+02
3.013208518223586339e+02
2.710635082490358059e+02
2.969566648205966430e+02
3.008904186614429932e+02
1.922050724003962898e+02
3.601734097091784292e+02
3.734820123423275504e+02
3.087999382076993129e+02
2.362627362971990692e+02
2.218100741001354663e+02
2.811014466619160999e+02
3.082697041329013814e+02
2.193060367224346692e+02
2.144358386397307754e+02
3.157666963302908130e+02
2.935612941462081267e+02
1.547847902054977283e+02
3.550358090825015438e+02
3.739656071576791874e+02
3.664813219633437598e+02
3.363091509035400577e+02
3.723249748308869584e+02
3.629636360207747430e+02
2.329608326715371049e+02
1.643618090821063618e+02
2.602151510903061649e+02
2.558220300576399211e+02
1.486457063383311663e+02
2.161158266682510316e+02
2.852590293851624210e+02
4.849227291783200258e+02
4.934063884799891753e+02
4.837640068311220602e+02
4.219946016822009369e+02
2.480672008571956155e+02
3.417054624633137223e+02
3.251325633481531554e+02
2.229217311292374006e+02
3.232901776958246387e+02
3.065558751080084221e+02
1.911698615668423713e+02
3.164619541850609039e+02
4.647071674418871794e+02
4.671312729587054378e+02
4.057084273507482521e+02
2.335922816129154569e+02
3.234425193605331401e+02
4.490387712079933067e+02
5.098120825338425561e+02
5.023097539608014586e+02
4.441352067677477748e+02
4.683418516681386450e+02
4.933974695587919541e+02
4.825806069101419098e+02
3.993568818019466562e+02
1.767302800790736228e+02
3.412996881875099007e+02
3.910504927178845946e+02
3.787752500486561189e+02
4.515841774397877657e+02
4.553236017997754175e+02
4.851419791667485129e+02
4.170826458994677068e+02
3.885139600208207185e+02
3.272379636376219878e+02
2.602288038083233914e+02
3.017118240098762385e+02
2.870906004499917117e+02
3.234659345988518453e+02
3.323161055320865671e+02
2.848170540162463453e+02
2.904480213858248590e+02
4.239421625038746129e+02
4.479589094431296417e+02
4.331639885995049326e+02
3.404590505921667614e+02
3.201293093736643414e+02
3.165346325537207122e+02
2.962641357244408482e+02
2.784382786358879116e+02
3.307626817008747935e+02
3.026077592012863988e+02
3.261740493893594248e+02
3.484101721126788220e+02
2.907434047199851079e+02
2.103004575557220903e+02
4.160569512865892534e+02
4.462911885027426138e+02
4.417285823444582320e+02
3.133680968822718000e+02
4.043782951843202795e+02
4.063917408322451479e+02
3.034334369148429573e+02
3.886920439305800983e+02
4.553427525174141124e+02
4.503925695342064159e+02
3.866857727271598719e+02
3.735801094675041440e+02
3.868754362015959032e+02
5.783231624732404725e+02
5.875037285320302090e+02
6.295779318122303039e+02
6.812650888884542155e+02
6.807395032780675592e+02
6.551242738871226265e+02
6.289477276658690243e+02
4.707677719574707567e+02
4.089923004366951318e+02
3.840590038124825014e+02
3.649406166769342690e+02
3.782825045369248755e+02
3.897092798932950473e+02
3.957607927942002561e+02
3.937713630523055599e+02
3.784948347544918761e+02
3.845675571528871615e+02
4.697982695992509434e+02
4.653455642761671243e+02
4.283075788658043166e+02
2.063024314672791490e+02
2.129100207028482714e+02
2.792910066864453711e+02
2.715535204188614671e+02
1.663194648640129856e+02
2.233005347958689697e+02
2.444298852892198965e+02
2.106670494986664153e+02
2.025850815114573606e+02
4.054049704756836832e+02
4.791262444224119008e+02
5.196129447067468163e+02
5.656781055029319987e+02
5.495203954480291486e+02
5.488232486317371013e+02
3.733928977023056177e+02
2.932987619188849635e+02
2.558276262400484882e+02
2.030531075103752414e+02
2.178305499799269853e+02
3.010315483543397477e+02
2.979280848046277583e+02
2.068419058737070770e+02
3.980907394643214161e+02
4.130517832307868957e+02
3.876979014655312312e+02
2.619423348872120414e+02
2.365216169214124591e+02
3.466354446934046223e+02
3.832498805819419658e+02
3.638334907225333836e+02
2.629492489731179035e+02
3.478904875839533588e+02
3.411473562910526311e+02
1.994175349556001606e+02
2.938898152050685439e+02
3.162919472547912392e+02
3.477742696019042228e+02
3.608247232966807587e+02
3.822018604384814466e+02
4.085344200095204883e+02
3.968589280365570175e+02
3.674135734971944203e+02
3.486030960952310238e+02
5.728305574148646429e+02
5.776201721768702555e+02
5.745201154927376592e+02
4.881672545523146027e+02
3.220058476535772911e+02
3.109838892286970236e+02
2.424799151537768296e+02
3.383412342939706150e+02
3.120522693172040931e+02
4.683397141961474404e+02
5.546985215244039864e+02
6.170006689210973718e+02
5.947877445549672757e+02
5.596279864064015328e+02
3.467785997747824922e+02
3.249959877256926006e+02
3.242981672082246973e+02
3.103120513654454271e+02
2.988525369728797614e+02
3.030322454331110293e+02
3.820710195138643712e+02
3.608723564842453584e+02
3.731766251828565828e+02
4.140173429597699055e+02
4.018550143923837368e+02
2.438441980178214976e+02
2.302068465158006347e+02
3.777137817974578979e+02
4.110205744850911742e+02
4.485064418987301451e+02
4.593722987018999788e+02
4.658050996720083958e+02
4.244325184796630879e+02
4.202014967457109833e+02
2.881064637627533784e+02
4.074564493366156626e+02
4.448369651855151119e+02
4.715552173773019717e+02
4.681227582368694584e+02
4.073258586529233298e+02
3.948530692422139055e+02
4.535887313398762331e+02
4.910255610758670173e+02
4.873858123481858229e+02
3.375739687446648531e+02
5.155777328072272212e+02
5.761136069816577674e+02
6.263807337177213412e+02
6.247023774853787472e+02
5.287382844807316360e+02
3.659985216293348458e+02
3.378635662642423085e+02
3.544501025956477065e+02
3.615978735350659008e+02
4.076667095590453869e+02
4.369132010167676299e+02
4.351387395577419852e+02
4.690518918530269161e+02
4.855404439482512089e+02
4.605316705953439964e+02
4.464256597426207236e+02
3.938122843300448608e+02
4.056224473401395585e+02
4.578706512552622598e+02
4.510299424037643803e+02
4.254417718666093720e+02
4.042176386779726727e+02
4.134789035140032638e+02
3.619529318011894929e+02
2.632079116273475847e+02
2.566687629657143930e+02
4.040052013782378708e+02
4.186783005387392791e+02
4.196131024371993590e+02
4.581288919739687344e+02
5.139066826817870606e+02
5.060560330153908239e+02
4.374643482437086277e+02
5.382520971067674509e+02
5.587817600793858901e+02
5.773723256980786118e+02
5.555171241099774306e+02
3.957963388699674852e+02
3.819126249942025311e+02
3.187614022599708505e+02
3.041368913216462602e+02
2.964264484425594901e+02
3.794953800295511996e+02
4.724401210974821197e+02
5.606146362380259234e+02
5.788921399188943724e+02
5.365525347598468215e+02
4.947526935678894802e+02
3.438098920288786076e+02
3.619110771615604563e+02
4.229432737680299397e+02
5.157360108859214733e+02
5.316387128574805274e+02
5.085141045336985144e+02
4.892367279162511977e+02
3.848438263783674529e+02
4.146761964735272841e+02
4.564279093858065153e+02
4.905457396527969536e+02
4.852865981567615563e+02
4.210265694752486070e+02
2.960404757560194184e+02
3.581000548337691498e+02
4.625778541211641937e+02
5.051451666137044185e+02
4.790357578196490067e+02
4.253487226174984812e+02
4.415742246420492165e+02
4.461407686214416231e+02
4.363727736457913693e+02
3.779809845456175594e+02
5.235528376856527757e+02
5.444851705131929975e+02
5.459256540339503090e+02
4.531930949140200937e+02
3.332545318876631768e+02
3.437901073557011387e+02
3.098468010700871673e+02
2.616431826945402008e+02
1.995547229842326828e+02
2.105854932998151128e+02
2.609494670242805796e+02
3.377752593188041033e+02
3.443291438306862347e+02
3.197986645502914484e+02
4.022200629345709331e+02
4.122257356526916965e+02
3.497663440874743515e+02
2.590766222344352059e+02
2.802537779451488973e+02
2.241335857584779774e+02
2.815702291582028352e+02
3.796089267507594514e+02
4.637095815777809094e+02
5.035613986981506400e+02
5.031359148453041144e+02
4.173735508491773203e+02
3.128851511418189943e+02
3.148011106874664051e+02
4.695515556303362246e+02
4.716837032236857112e+02
4.199968523195099692e+02
3.370940396270399901e+02
3.594383523959067475e+02
3.006344344815795466e+02
3.018628113995386002e+02
3.127240591099330800e+02
4.509612496412299834e+02
6.066494128937238202e+02
6.076268798851266411e+02
6.033686789003418198e+02
4.733175931330517301e+02
2.604800335016690269e+02
2.583381139102855286e+02
2.876731518746305483e+02
2.852785810201914387e+02
3.290259394157379802e+02
3.474231881739152641e+02
3.332806737594383435e+02
3.103375147662040945e+02
3.226749161508898283e+02
3.805946536456387435e+02
3.909492467750492324e+02
3.567045729648447150e+02
4.222125659665910007e+02
4.671355321321813108e+02
4.722040172414343715e+02
4.263020963623340549e+02
4.437357026628878884e+02
4.991897889361562193e+02
4.995535271451299195e+02
4.375636550535056131e+02
4.260561114570031123e+02
2.709989465419284898e+02
3.566888129541090962e+02
3.822402132798040384e+02
3.547431629285080703e+02
3.809913412024891954e+02
3.923862611970284888e+02
3.302139922857000442e+02
2.234972429655893507e+02
3.516564641176346413e+02
3.977083050818328047e+02
4.748310668111213317e+02
5.404432605981032793e+02
5.395924560259340979e+02
5.204790889263492772e+02
3.767041259104424853e+02
4.211186948659575364e+02
4.935256124536646212e+02
5.611451919542956830e+02
5.624490066079406461e+02
4.750545209942561087e+02
4.218495072950498752e+02
4.206749358256507207e+02
4.601264799775984784e+02
5.165382882732635608e+02
5.598631457031870013e+02
5.736785866590087153e+02
5.677485298124322526e+02
5.086205078910338671e+02
3.755773984480091485e+02
3.342997375774502871e+02
5.492584237988614859e+02
5.887247500710166150e+02
6.809081452154390490e+02
6.843744482468606520e+02
6.566393620015559236e+02
5.759909172546497302e+02
5.434615369635430397e+02
5.150779749713300362e+02
4.116012184129928073e+02
3.691493584274630848e+02
4.101201647411002114e+02
5.898877558010480016e+02
6.043603234535667070e+02
6.382837737320458018e+02
5.927719388327284378e+02
5.392870591005410006e+02
3.114005612290588942e+02
4.707113455334754235e+02
4.845730924159396977e+02
4.972952604935430827e+02
5.409657023266645410e+02
5.542900126478673428e+02
5.488150254340025640e+02
4.970644861642233536e+02
4.988624430659479572e+02
5.630712394225199660e+02
6.449812269369890601e+02
6.450652890447596519e+02
6.116245235119862400e+02
5.268769477151718093e+02
4.124904935748392631e+02
3.896919029141429860e+02
3.599378051170078834e+02
3.601261102199931656e+02
3.838004185933218650e+02
4.653353578920851987e+02
5.024657561694376682e+02
5.820938873753053713e+02
5.948864279415474812e+02
6.072138935855962245e+02
6.021883815971334570e+02
5.851979077073806366e+02
5.720243954206669059e+02
5.689894593496246671e+02
6.419735887256733804e+02
6.435782088210933125e+02
6.035966822258883440e+02
5.677481499620344039e+02
2.936150051093723050e+02
2.968261800348296902e+02
3.982052257254143228e+02
4.958488179589645597e+02
5.059246318160448936e+02
4.992999069489934527e+02
3.709264224209114786e+02
4.158656551964149912e+02
4.863138187103143082e+02
5.137540564543930941e+02
4.951721711482405226e+02
4.292531961017076583e+02
4.077175069388616748e+02
4.238224466567324953e+02
4.075414731825147783e+02
3.894729041259458882e+02
4.226216860918787006e+02
5.452037546651779394e+02
6.229221880352346261e+02
6.341046220426999298e+02
6.298321874392593145e+02
5.703227465891991415e+02
4.327312673571113919e+02
4.712810969492051072e+02
4.602863582288364341e+02
4.301940517625925509e+02
3.282172614866188951e+02
3.247703628365362647e+02
3.604122779312961029e+02
6.091340562409609447e+02
6.721425313368429215e+02
6.732826561323460055e+02
6.550362379244352269e+02
5.176276614130644020e+02
3.209189792963359196e+02
3.209250370054330688e+02
2.870805319527011648e+02
4.401603085292103401e+02
4.515562835190739293e+02
4.890007896910407794e+02
4.871235477517423078e+02
4.513059759270133213e+02
4.275181097315318084e+02
3.752967382644450822e+02
3.625678357398577418e+02
4.135646606289329839e+02
5.067715409306431411e+02
5.324492443554718193e+02
4.689412936884446026e+02
4.628818617863815916e+02
3.565108522869260241e+02
4.995511807925461198e+02
5.128603767062477345e+02
4.954825487576041496e+02
4.232361721948111608e+02
3.095532823502408633e+02
3.306127568960289977e+02
3.617027174302901358e+02
3.419315886561988123e+02
4.185824155359026690e+02
4.325012090977892285e+02
4.311639954848355956e+02
3.062271860598032163e+02
3.151323437342277884e+02
3.808434385000333009e+02
4.197981023332869199e+02
4.567863755165830071e+02
5.007132283611941830e+02
5.044209696870708513e+02
4.732203401448238083e+02
4.054402856389529006e+02
3.931564147339440751e+02
4.348844599005939244e+02
4.515898806130235812e+02
4.404866049690028262e+02
4.288221399959955988e+02
4.753885430023266849e+02
4.893252750689782715e+02
4.861014388135254762e+02
4.174328095941801848e+02
4.006238650408238868e+02
2.711860804966599403e+02
4.611446877472102983e+02
5.319143192468403640e+02
6.137492740824000066e+02
5.914931963686885865e+02
5.895921428520501877e+02
4.174873568036893516e+02
4.253493666664780335e+02
4.020939279813291591e+02
3.551539612717747332e+02
4.706643383909707268e+02
4.831945681882452845e+02
4.570870208133393362e+02
3.757506111348822060e+02
5.139826934631971653e+02
6.094165450024514712e+02
6.116073724210218643e+02
5.645873126233093444e+02
5.360822780011912982e+02
3.120345195595928089e+02
3.840862526263881023e+02
3.955757222266529425e+02
4.524877838061817670e+02
4.725807640133113523e+02
4.907284726970858628e+02
4.431789822303175583e+02
3.764810290189097373e+02
5.892103999698086909e+02
6.120489737297660895e+02
6.746023988551798993e+02
6.737265460225510196e+02
5.971376889610970693e+02
4.399879163538610101e+02
4.536104576076554622e+02
4.490271158279566066e+02
3.838839654140523407e+02
4.805194362820440119e+02
4.972377965593574345e+02
5.175048139310679289e+02
5.387366831136513383e+02
5.496157207440721777e+02
5.729435076546828896e+02
5.566078984412379214e+02
5.002893537506865869e+02
4.574353016662150822e+02
4.979691803992984092e+02
4.738884344796681489e+02
4.575841951753805574e+02
3.649849083232544444e+02
4.008136622302389469e+02
4.200353803660468657e+02
4.050099246882967918e+02
4.546171901248034146e+02
5.007524976749755297e+02
4.777734898959732845e+02
4.560183378319672443e+02
5.468705609313965397e+02
5.826040278643201873e+02
5.857836512536221107e+02
5.631287865639060328e+02
3.937917719650473600e+02
5.830657200061448293e+02
6.218770512127410939e+02
6.242067065296811279e+02
6.096554309955880626e+02
5.471493619037518101e+02
5.482940753106545344e+02
6.979816637660293281e+02
7.009923936064471945e+02
8.004723352607438756e+02
8.138749327120056023e+02
8.178129321252280306e+02
7.891600718860190682e+02
7.574939078400362860e+02
6.863469852913708564e+02
6.750830281521612051e+02
6.199341736742441071e+02
5.956130436706984028e+02
5.495009080723339139e+02
4.995194750064660525e+02
4.055901936155711951e+02
4.747394107400177745e+02
7.705269393913877138e+02
7.922885203709180360e+02
8.232053679749667481e+02
8.056463528917921622e+02
8.042148761260996253e+02
6.578224992816435588e+02
3.845892528356993694e+02
3.321035740799197811e+02
2.260745555219502876e+02
4.499178977612357926e+02
4.598945020355808992e+02
5.408705879324137413e+02
6.502983393698290229e+02
6.375644124994122421e+02
6.347097089148541045e+02
6.018513143645225227e+02
4.795010208602064949e+02
5.069758588541629933e+02
5.797071068419071480e+02
5.849140876456481237e+02
5.630014597093704651e+02
5.482199360063359563e+02
4.585710339910028779e+02
4.329068804367163921e+02
3.455060581407457789e+02
4.427857963290633165e+02
4.486023178023061746e+02
4.104128592739696160e+02
4.468324976441665513e+02
4.766614824531972658e+02
5.893750993311672346e+02
5.896906596560411344e+02
5.841991092293687871e+02
4.692123430698903803e+02
4.340869619194047573e+02
4.884852001363420300e+02
4.919578454852870095e+02
5.170753253639086324e+02
5.457911437469811062e+02
6.212020803266750590e+02
6.367892028818032486e+02
6.066049568146968340e+02
5.812624629766219186e+02
3.893304150259669427e+02
6.170188542933625513e+02
6.247998145657309124e+02
6.609114760866573306e+02
6.589923095135985704e+02
5.651659985102248811e+02
4.789234608846447259e+02
4.691675046247023602e+02
4.461830193228248049e+02
5.110000907879351075e+02
7.174222559250553104e+02
7.314530756758582584e+02
7.372282142033991477e+02
7.215251883281722485e+02
6.189711823233761834e+02
5.138166409098843133e+02
5.292002720645486988e+02
5.215669631021291934e+02
4.999615840444245123e+02
6.327325429701282928e+02
6.510637237464288773e+02
6.528591388146350027e+02
6.443204750396148484e+02
5.072262210354355148e+02
4.538104380149387680e+02
4.583373955721501147e+02
5.012982265779832005e+02
5.485847717323786128e+02
5.636024955990473018e+02
5.557730811765552517e+02
4.560890722564659541e+02
2.779812774424833037e+02
3.256890370007587308e+02
3.444612364613450382e+02
3.490112184280349652e+02
5.803634044971983030e+02
5.873699623271870678e+02
6.103415152627092084e+02
6.028200115724648640e+02
4.627170701116540386e+02
4.503035608233093967e+02
3.793493770936939313e+02
3.642425164479676596e+02
3.892966095027307460e+02
3.930542094062499245e+02
6.041152702597241841e+02
6.157299866228800056e+02
6.456113635019768253e+02
5.970982364282708659e+02
5.699955701245996806e+02
4.190883049644930907e+02
4.493297681012390399e+02
4.491244417520110233e+02
3.913963146143590279e+02
3.334345349329527721e+02
3.024734011378110381e+02
4.476311854097649530e+02
4.776013087384772007e+02
4.685717883348232817e+02
4.280931023906457540e+02
3.473255109055241974e+02
3.550138343516036912e+02
3.962664568941350467e+02
4.482162126693376649e+02
4.672273117646709579e+02
5.400261085153210843e+02
5.660578949572293368e+02
5.506149011335678551e+02
5.077812563842592226e+02
3.890604685795240130e+02
3.901542495927070604e+02
3.378907697259976999e+02
4.949774702867528617e+02
5.256353267272165795e+02
5.362232469738310101e+02
4.718104205681741519e+02
3.650999186307362834e+02
3.603617470495416342e+02
3.555002720164080756e+02
4.025349056200115569e+02
4.289520967589203906e+02
5.252123854899786011e+02
5.249170147647572549e+02
5.233930988104100379e+02
4.765988671608877212e+02
4.763572241275531951e+02
4.470008527327482284e+02
3.742425063063326434e+02
6.021851056447607107e+02
7.887055705698121528e+02
8.128100482154166002e+02
8.479734106126408051e+02
8.386741143620563435e+02
8.382570297584807122e+02
6.422477874945153644e+02
4.737398123917347448e+02
5.820722867609574678e+02
6.310800228952473390e+02
6.916966434302130438e+02
6.986979025628683075e+02
6.192642024475336484e+02
6.012060318878134240e+02
4.784497024695102141e+02
4.794861190890827629e+02
4.468031176737414398e+02
3.484827349664939220e+02
4.248281164708546953e+02
4.631907159401547460e+02
5.574508225663616940e+02
5.617564326344102028e+02
5.449384188621887688e+02
5.261209076611409046e+02
4.618133454581338810e+02
4.493391876065541055e+02
4.629810275497784460e+02
4.996987939709930515e+02
5.006273771282311600e+02
5.084758458247580393e+02
6.362903120361596621e+02
6.487337222197763822e+02
6.489184624107435866e+02
6.066584067911385318e+02
5.339113195002450993e+02
5.351288220702328999e+02
5.228552604196144102e+02
5.078642317537644431e+02
4.532580075610123345e+02
4.668775147912108423e+02
4.631835338639690463e+02
4.727752721933907765e+02
5.398285677359219790e+02
5.901987871355549942e+02
5.924004942696369653e+02
5.623643824459126108e+02
5.478059071640739148e+02
5.601063827998386842e+02
5.749161026246406436e+02
6.295218344735261553e+02
6.287609013340023694e+02
6.258984202738880640e+02
5.257774671242494833e+02
5.040284843402172328e+02
4.442446225847618280e+02
4.913911278766053101e+02
5.145335765495481155e+02
5.544938682818083180e+02
5.487491233445804255e+02
5.242351540657186888e+02
5.265285698415103752e+02
5.364746190947460036e+02
5.672960828720613335e+02
5.668376660772722744e+02
5.457778024320431314e+02
6.372292804901038608e+02
6.476880577434242241e+02
6.479873564304502906e+02
6.470708709987341081e+02
4.793055291134731988e+02
4.642871400198761762e+02
4.297935820683281918e+02
4.258775951454517212e+02
5.544623533083009761e+02
6.274824333723072414e+02
7.329421791648346698e+02
7.784992928000483516e+02
7.635713927960489400e+02
7.159971530119844374e+02
6.888530981600747509e+02
4.459889417980712665e+02
4.600432114428608088e+02
5.275717929884933710e+02
5.457161160494099477e+02
5.303346005763391986e+02
4.840180111572327633e+02
3.897368191160021524e+02
5.617206273177989715e+02
6.094165078030113136e+02
6.287400640655957886e+02
7.863016794766592739e+02
7.928610394228411451e+02
7.938842797102920485e+02
7.812975898455972583e+02
6.436542171461323960e+02
5.916466511816943239e+02
4.794602171030478530e+02
6.306252843727746722e+02
6.714230833454485037e+02
6.868882363772464714e+02
6.849796172173765854e+02
5.910213688291551080e+02
5.848858283207773638e+02
5.582170544566636181e+02
5.824070946869270529e+02
5.797940286038220847e+02
5.604857199770501666e+02
4.463120463171141523e+02
4.168519493624877441e+02
3.720228632599753382e+02
4.494895665430874487e+02
5.152692717767270096e+02
5.375899146580876504e+02
5.522597746234039278e+02
5.508650889896009630e+02
5.545837660538280716e+02
6.091348326111042297e+02
6.240975408459339633e+02
6.393291345183552039e+02
6.471857295927060250e+02
6.486336787364589327e+02
6.778181539086992871e+02
6.612697802626083785e+02
6.226187925551834041e+02
5.996356929030705487e+02
2.860529850768076017e+02
4.095811678265014848e+02
5.638757738389940641e+02
6.179950050913079167e+02
6.619201048536833696e+02
6.855957056118743367e+02
6.649487745586854999e+02
6.163348581063218035e+02
5.840587378842870976e+02
3.808328219627860562e+02
3.786153353386843037e+02
5.089343498145169065e+02
5.164544758300761487e+02
5.506435900294102339e+02
5.544546984020821583e+02
5.552126409762036019e+02
5.564309897575817558e+02
5.616194779269508217e+02
5.578842969010675006e+02
5.410324835676831299e+02
5.493194829582103011e+02
6.331131772439212000e+02
6.364766360631189173e+02
6.187910932271900037e+02
5.535199831501322478e+02
4.127652860318929129e+02
6.251407016261415492e+02
6.627462985352213991e+02
7.474862496584601104e+02
7.486813975864304211e+02
7.973602156192686152e+02
8.006747172922684967e+02
7.916017290673567004e+02
7.861024206764207065e+02
6.910185144680672238e+02
6.278495197798188201e+02
5.342543734557352764e+02
4.156017820620438101e+02
5.550902949679659741e+02
5.842961416457167161e+02
5.936894229476107512e+02
5.845636744913398388e+02
6.272652041780112313e+02
7.268308431899812376e+02
7.306199386656137449e+02
7.981595162089931819e+02
8.127377156974614536e+02
8.095292364987149085e+02
7.741218905489141662e+02
6.981548832717294317e+02
5.213536177667912170e+02
4.197074859587741571e+02
4.664651230499060262e+02
5.774603302749873137e+02
5.911456782638246068e+02
5.797983060088722596e+02
5.608311167710221525e+02
3.649747025871089932e+02
4.216446674632202871e+02
6.375182834412288457e+02
6.398007118142967329e+02
6.635584282311551760e+02
6.254584581023474357e+02
5.596826315444659485e+02
4.327775757022099583e+02
4.048606983306678444e+02
3.809448213574203237e+02
4.237522250379491879e+02
5.173510182385199414e+02
5.213670841113021197e+02
4.951054107495584162e+02
4.705034230751901987e+02
4.874982873200300446e+02
5.557273508382174896e+02
5.499631182057091792e+02
5.374484770060730625e+02
3.939030257098508514e+02
3.473979002060670496e+02
5.613517081187462736e+02
6.970689044195801216e+02
7.093829478027798814e+02
7.224957914505038161e+02
6.955826209603644656e+02
5.764430175172100235e+02
5.641411120913118111e+02
5.839619857971445072e+02
5.819721991722150278e+02
5.510464680270147255e+02
4.573148667923422863e+02
4.084821121759611060e+02
4.084170289723064116e+02
4.850039519392563534e+02
5.106569018224678302e+02
5.619859085206805958e+02
5.775244622567938677e+02
5.524888050999234110e+02
5.264766001095111960e+02
5.104792751715430654e+02
5.187552601291271230e+02
5.842175132259418433e+02
5.917277621040313988e+02
5.821221256700082449e+02
5.646677517301900480e+02
5.534714610053366641e+02
5.298663965952530361e+02
5.916322092750626780e+02
5.947497764503075359e+02
5.785342636540993908e+02
4.730805454357615645e+02
4.647535444411389562e+02
4.836184562043735014e+02
7.041766180022380013e+02
7.406015086973976622e+02
7.628251608695638879e+02
7.626211861723946868e+02
7.256091543677214304e+02
6.093398487859667512e+02
6.016858485322179604e+02
5.861343589344623979e+02
5.623906945676922078e+02
5.131475524107871706e+02
3.341110817335450065e+02
5.641149763590425437e+02
6.228132407435213054e+02
7.206116623419940197e+02
7.137470051176599100e+02
6.864850390891830330e+02
6.270036017131517383e+02
4.199491046672637822e+02
6.018640404071312560e+02
6.707176315733788670e+02
7.281666676243526126e+02
7.215725331076904467e+02
6.678505026574299563e+02
5.989732072234098723e+02
4.583671161771467268e+02
5.463358025980335242e+02
6.377113378642100088e+02
6.438984197274494363e+02
6.237404132557272760e+02
5.671622127290395383e+02
4.770019609842789237e+02
5.097489415998919640e+02
6.045377294308211731e+02
7.160225547313154948e+02
7.456115228047351593e+02
7.567062684113587920e+02
7.429780844585163777e+02
6.596377874347790566e+02
5.917488309987445518e+02
5.147231729777496412e+02
5.383115023590719375e+02
5.448085262302403180e+02
5.325730882529910559e+02
5.214030078351238444e+02
5.525329097495971382e+02
5.725311975907847000e+02
5.884006258091079644e+02
6.759037958087602647e+02
6.902400285332157637e+02
6.910489902868796435e+02
6.615789316669752225e+02
5.494866433367146783e+02
4.555175922648685969e+02
4.325735244958984822e+02
5.679802750930442699e+02
6.805615198461213140e+02
6.907204862708779274e+02
6.926608659797104792e+02
6.733225417343153367e+02
5.412809868962880273e+02
4.804014522837956065e+02
4.855251185617919418e+02
5.379969914990161897e+02
5.574274624984147977e+02
5.850645007445318697e+02
5.588469574235198252e+02
5.574779499910356435e+02
4.904282692613431891e+02
5.371200466800362392e+02
5.473407007205489663e+02
6.430207047252530401e+02
7.045065354174550976e+02
7.055513535619544427e+02
7.028701952289087558e+02
6.765341708812891284e+02
6.546705836129214049e+02
6.632798480699631227e+02
6.634285127614574549e+02
6.365213172873343410e+02
5.901380372840487780e+02
5.878078420565736906e+02
6.283643624106712195e+02
6.353687208793177206e+02
6.359666913432009778e+02
6.397601475912927071e+02
6.464779485257899978e+02
6.848857772549825995e+02
6.847674311803662022e+02
6.390967763715956380e+02
6.384128809631610011e+02
5.972033847766410872e+02
6.116178154021868068e+02
6.094995828636476745e+02
5.696164618834302473e+02
4.894783625346868803e+02
4.663747055193592246e+02
4.660395815278616283e+02
5.129168005850634700e+02
5.534665143047282072e+02
6.934039085879644517e+02
7.313285495515265211e+02
7.364999592582851164e+02
6.904571107457084054e+02
6.860565847919169755e+02
5.538545884609221730e+02
5.447412477525349459e+02
5.513323490254977060e+02
5.521984526041603658e+02
6.487530960910371505e+02
7.029168900261414592e+02
7.288993365858551670e+02
7.253257658856521175e+02
6.844872425712860604e+02
6.053127851157303212e+02
5.125057178411699397e+02
5.484965801300570547e+02
6.008046858673960742e+02
6.710973436881513408e+02
8.331024289030183354e+02
9.013844796691305419e+02
9.303153543411098099e+02
9.308114220257692750e+02
9.190898034703131998e+02
8.795656490750391185e+02
6.808976379818321902e+02
6.010416222007797842e+02
5.017879016292295091e+02
4.887671306249107488e+02
4.780648391277966311e+02
4.300750123851612443e+02
4.808963328706037714e+02
6.010151386646007268e+02
8.149288110488723760e+02
8.836882653673542336e+02
8.985547020718342992e+02
9.179045441089159567e+02
9.043419252593739657e+02
8.224638979107430714e+02
8.218787378940201052e+02
6.074209574660069393e+02
6.058040480223048689e+02
5.161420177212294220e+02
5.312299733887975890e+02
6.192303160265973929e+02
6.585656445387360236e+02
6.564389523289171393e+02
6.248961986142410296e+02
5.820655744575409472e+02
6.038824975910038120e+02
6.083064890322189058e+02
6.434867399201971239e+02
6.337088826618802386e+02
5.696238906402488738e+02
6.225435498570780055e+02
6.411297875173684133e+02
6.635804422076785158e+02
6.897473837454170962e+02
6.820439441219484706e+02
6.163153426603482785e+02
5.511073211804176708e+02
5.678114374213956808e+02
6.083591964614984136e+02
6.677887697669377758e+02
6.710014315177845674e+02
6.773457175806481700e+02
7.393589239871612335e+02
7.944672307743759347e+02
9.125996051546707122e+02
9.143047099689024435e+02
9.282729614688227002e+02
9.277563758946757844e+02
8.816856866734648293e+02
8.158233588856978713e+02
7.588025168751303227e+02
6.555908460210838484e+02
6.464936164080477283e+02
4.340186389648354748e+02
4.029181545865183125e+02
4.804353797056095345e+02
5.143769002174814204e+02
5.770292872777191633e+02
5.685269662003945541e+02
5.356152444755230135e+02
4.780114870448101101e+02
5.374460842096268607e+02
5.386099278197771127e+02
5.364302886632190166e+02
5.251514457068758475e+02
5.909418598576821751e+02
6.084411533968992671e+02
6.345324970288232862e+02
6.298084269010670369e+02
5.874452969598755772e+02
5.718979390310018971e+02
6.110897296098429479e+02
6.084768728933736384e+02
5.850555637099226942e+02
4.256335784641518103e+02
4.649339353836101623e+02
6.098464868367607323e+02
6.553975215024927365e+02
6.891343816496486170e+02
6.749149330387284635e+02
6.271398515899852555e+02
5.253352877547818025e+02
5.029948324786682292e+02
6.121815394512195780e+02
6.625951609236255990e+02
7.751643883870451646e+02
8.397941990215642818e+02
8.413186617786010402e+02
8.314295895301072505e+02
8.121296820072772107e+02
7.236063843391177670e+02
6.121317770302772487e+02
6.353837508232801383e+02
6.485200625612243357e+02
6.352193877795456274e+02
5.767685837631740924e+02
5.642783962010171308e+02
5.664687185772668272e+02
6.097619159054062266e+02
6.336368063433189945e+02
6.252790879598526317e+02
6.009138895594691121e+02
4.952895637461294882e+02
4.841301251923990776e+02
4.842066175134283412e+02
5.184767922028602243e+02
4.967294106094569202e+02
4.607825113146744229e+02
4.958232229231706469e+02
5.167891696834101367e+02
5.708195925599253542e+02
5.783148502895967340e+02
5.641124123294127912e+02
5.605957385069237944e+02
5.217321697189470342e+02
5.238636556435885723e+02
5.487576875667648437e+02
5.588102035162226002e+02
5.899226842584914721e+02
5.914513880640661228e+02
7.177030411080370413e+02
7.701395339382837619e+02
7.720827771322476565e+02
7.634229255743259728e+02
7.374999782102802328e+02
6.305030007790236368e+02
5.468594269469190294e+02
5.650159571876276914e+02
5.760445242070194354e+02
5.430669521770341817e+02
5.127710059198689123e+02
4.214992416728460967e+02
4.384133612057114533e+02
4.402117263659487207e+02
5.045815693608741981e+02
5.425979808751804967e+02
5.689589843505611952e+02
5.618887011760130008e+02
4.897754656144441014e+02
4.891677063413536644e+02
6.729631569919763479e+02
6.983239311156360145e+02
7.271376749072480834e+02
7.243525347531460739e+02
6.833236746237904526e+02
6.341711130309275859e+02
6.412497491740431315e+02
6.538159018206470137e+02
6.666478018466694948e+02
6.870781068451713054e+02
6.861635212726218924e+02
6.718352296373406034e+02
6.054655343802388643e+02
5.141251581932426689e+02
5.036081367954160442e+02
5.482958932970249180e+02
6.330698550130862259e+02
6.352945621712271986e+02
6.336701089385945806e+02
5.170951334347962529e+02
4.554470584098521613e+02
6.695570987946973673e+02
6.915925371300744473e+02
7.769122063423210420e+02
7.957792730535802548e+02
7.858965145862018744e+02
7.435474179392664382e+02
6.873586183142886057e+02
7.929111343174588455e+02
8.458877499645029729e+02
8.476094801733800068e+02
8.566142075813108931e+02
8.168600529281266063e+02
7.355094024265948747e+02
6.499368332623830611e+02
5.499935158707271512e+02
5.000403644634644706e+02
4.810467779495099876e+02
5.311135600819983438e+02
5.547818029920373419e+02
5.783660654867824178e+02
6.239208933514640876e+02
6.768684351043580136e+02
6.871337907793748627e+02
6.994320611868035940e+02
6.935580866507382325e+02
6.362789419601341478e+02
6.359908912922379614e+02
5.773532608169243758e+02
5.763672301509332101e+02
5.789701054757795191e+02
6.207862167162600144e+02
6.953213987243775591e+02
7.148990769818782383e+02
7.188993607621965793e+02
7.206838993678048837e+02
7.067390038989803998e+02
6.887988691565617501e+02
6.729320896747052529e+02
6.144672561870568188e+02
6.257833836693423564e+02
6.362174996677807712e+02
6.939279312732205653e+02
6.973180217177335862e+02
6.787881494055063740e+02
6.279369592372863735e+02
5.524524384826335108e+02
6.048372648525756858e+02
8.434765379161120791e+02
8.584546954366503542e+02
8.702572903130190980e+02
8.812485652262979556e+02
8.084240334602865232e+02
8.039781429080003363e+02
6.356749210773605228e+02
6.309579027587415112e+02
6.537206514388942651e+02
6.550532942110655767e+02
6.166475102889053233e+02
6.106671757591714140e+02
5.992724540713478518e+02
6.190493621530010842e+02
6.283562826852271428e+02
6.463999233016585322e+02
6.490073697771799743e+02
6.428922472927556555e+02
5.951445994466369029e+02
5.323084868965461283e+02
5.721298820332732475e+02
6.378629880950857114e+02
6.415091322281841713e+02
6.761528469075547036e+02
6.771699166116551396e+02
7.176716510012353183e+02
7.161259949199534276e+02
7.088296970477342711e+02
6.699378358992946687e+02
5.628898965388121951e+02
6.102148829432150023e+02
6.954738090961327543e+02
6.942388489211325577e+02
6.903898253773954821e+02
6.240008505673076797e+02
5.605167715659413261e+02
6.451394898279665995e+02
6.784254195430528398e+02
7.655881088838607411e+02
7.469634381456680785e+02
7.457252283243321926e+02
7.288816696304096467e+02
6.033705846634184127e+02
6.984450873478922404e+02
6.986387599456711541e+02
7.505850507257453046e+02
7.476891601489285222e+02
7.229216029339581837e+02
5.951388929610096739e+02
5.494348683777513997e+02
4.668554164903106312e+02
5.283928678273189234e+02
5.439037002767541935e+02
6.399787552076049906e+02
7.012846595988701210e+02
6.926488798471244763e+02
6.732718710192299341e+02
6.627348111485852087e+02
6.663151601725719502e+02
6.773212192751338989e+02
6.924909042454869450e+02
7.372451866456451626e+02
7.194672685334970765e+02
7.126201978434118018e+02
6.767466532434278861e+02
6.618458311303552364e+02
6.342936582301319959e+02
5.944672605717898932e+02
6.063166164308231600e+02
6.306408651455327572e+02
6.462692830066855549e+02
6.386333948660476381e+02
6.291370381344224825e+02
6.830975803720191379e+02
8.590922492828066197e+02
8.668094762704909044e+02
8.935424941038041879e+02
9.165348523949310220e+02
9.042539406681191849e+02
8.813402502844282935e+02
8.003037247874009381e+02
7.940750812357275663e+02
7.267847325577854463e+02
7.142309621171399385e+02
5.513564871937778662e+02
5.198087048255251830e+02
4.109991739196481149e+02
3.942051786711045338e+02
3.883503983111661455e+02
5.193836771433163904e+02
5.246156915675302344e+02
7.495525309293999499e+02
7.947270182861520880e+02
8.651781817672260786e+02
9.601892792340238429e+02
9.652024932096308021e+02
9.782949831697234231e+02
9.511952834907635861e+02
9.248140665469649093e+02
8.052548642798109313e+02
7.849244620541069253e+02
5.026787826368207561e+02
4.902454975349522215e+02
5.290091259843088665e+02
5.750674059000250509e+02
6.966864545568517997e+02
7.030962161051204475e+02
6.748251942883440506e+02
6.658204575978120374e+02
5.066917730682477554e+02
5.396076295731852497e+02
5.793886636215671615e+02
6.013434083759203759e+02
6.180106812332884374e+02
6.693278856448150691e+02
7.094031986370329150e+02
7.662289773441799525e+02
7.777562375496999039e+02
7.950410920254217899e+02
7.929780094649773901e+02
7.568247031855187288e+02
6.950779837852907121e+02
6.740336161044017445e+02
5.527833642214832253e+02
5.345733466801684699e+02
5.784575194490344074e+02
7.202746800409420302e+02
7.844520134129031703e+02
8.246480909037099991e+02
8.630752057446903791e+02
8.391814565038750970e+02
8.224083166905747930e+02
7.652010690924601022e+02
6.236747809914643312e+02
5.508771154271350952e+02
6.076645485720395072e+02
7.067642002489001243e+02
8.157428960128222570e+02
8.161104927410387972e+02
8.370787806757666658e+02
8.220127091958395340e+02
7.575316245734763925e+02
7.055869610766258120e+02
6.232300694570483302e+02
6.292913146386085828e+02
6.208973402237777464e+02
5.738400842190613957e+02
4.613200949957230250e+02
3.664754802441875654e+02
5.394289069728707773e+02
6.755218627832136917e+02
7.280783752169847958e+02
7.590994273506543095e+02
7.556573960243657666e+02
7.301429815927742766e+02
6.746168501332883807e+02
6.728876149735390300e+02
6.717442810871004895e+02
6.671988176696800110e+02
6.266478863326442479e+02
6.168939860885875532e+02
5.577116542177083147e+02
6.688324227783062952e+02
7.705539074644909761e+02
7.952498032486581678e+02
8.517194728467968616e+02
8.621978800880992821e+02
8.614320681116170135e+02
8.053990111901139244e+02
7.989670879868481279e+02
7.208888272861047426e+02
7.032439477084603823e+02
5.265292250656711985e+02
5.532110073060417790e+02
7.616103304342464071e+02
7.915698186600332065e+02
8.006966005023859907e+02
7.923293254529052092e+02
7.364171234032351094e+02
5.930186106765557952e+02
6.604327633493514895e+02
6.977687960151555444e+02
8.253768208422644648e+02
8.443136930652538013e+02
8.436733911315754995e+02
8.075002608367691437e+02
6.627604151611512862e+02
5.953841756788805242e+02
4.299646738854540331e+02
4.471077343675744942e+02
5.079343357222710438e+02
7.523180828921578041e+02
8.154254550598416245e+02
8.218470624230764088e+02
8.325852672024298045e+02
7.903705373880528668e+02
7.395147713324975030e+02
6.619900138056567584e+02
7.002898612823130406e+02
8.160995052327691610e+02
8.226015946679842727e+02
8.792781825098879835e+02
8.756002675679658296e+02
8.681998879562011098e+02
7.387383591570776389e+02
6.996021277272665202e+02
5.972341915343246228e+02
5.665686020927676054e+02
6.045516213668569208e+02
6.698787297018041045e+02
7.404977077069236202e+02
7.574210650002787588e+02
7.453666748608152375e+02
7.071335614818697195e+02
5.944639060000428117e+02
3.588744392057321306e+02
5.128829766814681079e+02
5.988284524791240528e+02
6.799460787290047392e+02
6.861606200147205072e+02
7.033174452431688906e+02
6.700167456988372123e+02
6.310505472932070461e+02
5.364893048549778314e+02
5.057065426253897726e+02
5.097584935242899746e+02
5.885007519509676968e+02
6.520165169468093609e+02
6.954748123446590853e+02
7.576867029408288090e+02
8.630556330095039357e+02
8.878692820170913365e+02
9.388572830147869581e+02
9.383015598063443576e+02
9.308659990836040379e+02
8.814461350466267504e+02
7.972736042588426244e+02
6.700107186608768188e+02
6.484681507033060370e+02
6.367432352917588787e+02
6.398734611562184682e+02
6.719522537989611237e+02
6.728584367040109555e+02
6.670791976960452985e+02
6.210674407690599992e+02
5.369566859710431572e+02
5.083149545917806904e+02
5.455582126798044555e+02
7.349691991243705615e+02
7.614137051821660407e+02
7.624687015936300440e+02
7.763019041209216766e+02
7.546076989686673642e+02
6.661490996279757155e+02
6.390877215266199300e+02
5.932276749579727948e+02
5.276345951282526130e+02
5.854983386582003959e+02
6.041591317429709989e+02
5.893849287268401440e+02
5.839137920192795264e+02
4.621673896339804060e+02
5.249582052146578235e+02
6.692501465450891374e+02
6.845251418093339453e+02
7.247911657931288119e+02
7.657791272444676451e+02
7.711834985722744022e+02
7.531793296990913404e+02
7.500569500255927551e+02
6.804282459494208979e+02
6.203970844642233260e+02
6.035982075876092949e+02
6.110709064018819845e+02
6.024711737741640718e+02
5.923990016105444738e+02
5.832080308053840554e+02
6.306845992085793569e+02
8.501487383702883562e+02
8.573832874877275572e+02
8.870315902092640954e+02
8.867994101219801450e+02
8.723583716987557182e+02
7.149404092802803916e+02
6.567922338087221306e+02
5.576478129686349803e+02
6.617281343815175205e+02
7.808024997656468713e+02
8.132962281501829693e+02
8.244339985488547882e+02
8.221059057476327325e+02
7.548712076134020208e+02
6.876569019323294469e+02
6.296369831815270572e+02
5.959293972337990226e+02
5.819873608086003287e+02
6.389655271014265736e+02
6.890850165170835453e+02
7.368651328283642670e+02
7.441193578870846750e+02
7.496072244360009336e+02
7.746184257945250238e+02
7.781861854258373796e+02
7.734551519132269277e+02
7.631604608356626613e+02
6.138130325562975713e+02
5.526428804303086508e+02
5.876060989139082267e+02
7.112715397541454649e+02
7.995482060210647433e+02
8.137889265388694184e+02
8.138181722402521245e+02
7.332793031835074089e+02
6.631233797273762320e+02
4.946554039634854689e+02
6.120178034420630411e+02
7.932798785044110446e+02
7.980322344391756815e+02
8.118051936679099754e+02
7.987325629473840536e+02
7.469077997717492963e+02
5.974518458698080394e+02
6.339696594882391310e+02
7.163507421787868452e+02
7.171373321445241800e+02
7.893097946884420253e+02
8.740629333134228318e+02
8.982419095885826437e+02
9.007261767560526096e+02
8.974470598659141842e+02
8.653592968632531210e+02
8.002009284370136584e+02
6.534061742624951421e+02
6.682655295185395516e+02
7.376121709362316778e+02
7.512584362011315307e+02
7.512240455997564368e+02
7.509340166511963162e+02
7.228716863737656695e+02
7.388740345097921818e+02
7.505629794031550546e+02
8.110896242813547588e+02
8.421080065432596484e+02
8.863179216289394162e+02
8.913727969673440157e+02
8.834002414073654563e+02
8.495563276569167783e+02
8.097409094434387953e+02
6.798585212886935096e+02
6.734122234543513059e+02
7.442175081685300029e+02
8.661022626641995430e+02
8.971634677547934871e+02
9.205360051875576346e+02
9.770517873923913612e+02
9.945269773224110850e+02
9.938837614283636412e+02
9.827913251503102856e+02
9.390217197321992444e+02
9.009716096352202612e+02
8.653223851294686710e+02
7.871746392736565667e+02
6.506733657347311919e+02
6.012954762583370893e+02
5.051673785796053835e+02
5.344126798398323217e+02
6.687166297191106423e+02
7.252582690086934463e+02
7.881433182059836327e+02
8.233947377639391334e+02
8.320028870213232040e+02
8.226519360106942713e+02
8.109632866616118463e+02
7.783139139470529244e+02
7.674832434315812861e+02
7.708214675460513945e+02
7.658182747328452251e+02
7.380903866924345493e+02
6.757501796052381451e+02
5.782689817771996559e+02
5.390474976414421917e+02
6.436790229731184354e+02
6.570853477539915275e+02
6.531397497830998873e+02
6.484933645788862577e+02
5.905245058809613283e+02
6.411137760952119606e+02
7.064470385263560956e+02
7.228733452142155329e+02
7.318370654511909379e+02
7.728368346821046089e+02
8.260609243086014430e+02
8.440404078254441629e+02
8.575288281144991061e+02
8.533268392488728296e+02
8.355937840114900155e+02
7.372239904513994588e+02
7.234736618509489290e+02
7.137912319294756571e+02
6.568074709838988383e+02
6.761207187083997496e+02
7.912946040522895146e+02
8.022572016226002916e+02
8.118005567790996793e+02
8.066323194755070745e+02
7.249023456828831513e+02
6.792217099672853919e+02
6.317613297625841824e+02
7.053762430909217755e+02
7.106702178620143968e+02
7.495909206825836009e+02
7.549510948989659482e+02
7.619144387880392060e+02
7.897908894538988989e+02
8.090013376466087038e+02
8.225556763096512896e+02
8.135660740046794217e+02
7.765399898493162709e+02
7.324967122375519466e+02
5.901281771465748989e+02
5.741379047408548786e+02
5.981605138777031243e+02
7.297009690849261005e+02
7.638904400105484456e+02
7.649609562649548025e+02
7.763808233405477495e+02
7.515186615230891221e+02
7.370975135828371094e+02
7.232559514608149129e+02
6.934147022352346994e+02
6.745536270055729346e+02
7.005717782639441111e+02
7.920447986295914689e+02
8.017804304458495608e+02
8.025074024123250638e+02
8.020299305543193213e+02
7.618968021096425218e+02
7.520737134880472468e+02
7.358569966827092230e+02
7.240106624833256319e+02
6.631596766641192744e+02
6.567991201483033592e+02
6.675696453377698845e+02
6.930881927380207799e+02
7.352069549880940258e+02
7.300147958791148994e+02
6.822718886122383992e+02
6.812003016812909664e+02
6.133733470223877475e+02
6.599505369563823933e+02
6.872986786871568938e+02
7.357647179767025136e+02
7.293183287726667459e+02
7.155121396646493395e+02
6.709273424898419762e+02
5.431468229097622498e+02
5.369089673080643479e+02
5.419349167349389518e+02
5.968755134291727700e+02
7.098329994985244866e+02
7.173976005705591206e+02
7.209113435524520810e+02
6.887351087905433360e+02
6.489242816641517493e+02
6.356988916241066363e+02
6.478699911001435794e+02
6.814882802807176176e+02
7.035769495491870202e+02
7.027727114566434921e+02
6.920516641549999122e+02
6.708528029076727535e+02
6.779702901297376911e+02
6.748402304992463314e+02
6.689119696865462856e+02
6.306693235261634527e+02
6.441877078800192749e+02
6.804744947781517794e+02
6.823511008955983925e+02
6.425439477682689358e+02
6.207351032665120556e+02
5.696204680945447762e+02
6.890703220915047496e+02
7.448756878913138735e+02
7.563923974979941249e+02
7.699970448083042811e+02
7.667872718037937148e+02
7.697745339747851858e+02
7.905007138866615151e+02
8.209205206378613866e+02
8.312618834659735967e+02
8.226044468509527405e+02
8.144679856076351143e+02
7.518806424045098993e+02
7.508271911105648542e+02
6.493870722709968959e+02
7.769586889887203824e+02
8.000294770988168693e+02
8.532758299070271732e+02
8.630843459573717382e+02
8.382307753985355703e+02
7.644496445988233972e+02
7.009756416646447406e+02
5.990255219796963502e+02
4.534535201931315669e+02
4.716641376191257109e+02
5.621183495994752093e+02
7.374694426450619176e+02
7.582441755874217506e+02
7.673055051804587947e+02
7.711628849266826364e+02
7.093686695450353454e+02
6.977230121214917062e+02
6.859319718749653703e+02
6.814901360640776602e+02
6.714012377161412815e+02
6.347820882242865537e+02
6.096893497657970329e+02
5.884439748532079193e+02
5.368118800151478354e+02
4.250054038019924860e+02
4.104089937802025361e+02
8.071436524548903435e+02
8.546436217458796136e+02
9.405482886584848075e+02
1.020641832008608617e+03
1.042815428607943431e+03
1.069765753335015006e+03
1.049865285483530442e+03
9.922607256617789062e+02
9.711693732619103230e+02
9.397941276265433999e+02
7.420963237962311041e+02
6.559364861690671660e+02
5.982141285076460235e+02
7.312139612913546216e+02
8.138232091720475410e+02
9.253666248041445215e+02
9.601784158155130626e+02
9.669094615590624926e+02
9.389221384818297338e+02
9.386312193680490736e+02
7.520456928314340530e+02
7.205645453734305192e+02
5.590464422400057174e+02
5.052565975784343664e+02
5.019622991875122580e+02
5.447315269598841496e+02
6.362028549615906741e+02
6.496523150151217578e+02
7.016104887528922518e+02
7.157961012048608609e+02
7.166117331134194046e+02
7.270338271520753324e+02
7.338838599721859737e+02
7.330378364826310644e+02
7.286622568793161463e+02
7.140454864237281072e+02
7.120445987189027619e+02
6.929117861755311196e+02
6.757212049420751327e+02
6.448350658076981290e+02
6.035271227945897863e+02
6.371144661172930910e+02
6.626348707704997878e+02
7.186399036609238919e+02
7.638767133676119556e+02
7.918470067600526363e+02
8.184609478958175259e+02
8.401053076076590287e+02
8.394653720307617277e+02
8.220833065353075426e+02
7.951490504861096724e+02
7.235648601824580055e+02
6.503657570644486441e+02
5.860153961830042135e+02
5.065050025739366788e+02
5.497020357076564778e+02
5.930134556950069964e+02
8.077776392691658884e+02
8.132004385249433653e+02
8.247506043463110927e+02
8.249276739603157012e+02
7.708240445708678408e+02
6.587703282261990125e+02
6.369656920428465128e+02
6.590279941223313926e+02
8.298454271541297658e+02
8.597134886772108757e+02
8.617918262459563721e+02
8.553109712046664299e+02
7.635316137597458237e+02
7.447971050034080918e+02
6.550697853236559922e+02
7.486759650983494794e+02
7.830643339572566219e+02
8.438827583373175685e+02
8.612608314578428690e+02
8.621158630986089975e+02
8.910894333638559601e+02
8.966919550280176736e+02
8.986538489563075700e+02
8.965867627829496769e+02
8.515049757928796907e+02
8.319852884419146903e+02
8.179619707173498000e+02
7.499872785661440275e+02
7.475393887793075010e+02
7.324127981083149734e+02
7.148398849505609860e+02
6.575232304418150306e+02
7.161115105871150490e+02
7.239837899816884601e+02
7.234193423817582698e+02
6.755410692363659564e+02
5.725612580406984762e+02
6.743786338563496656e+02
7.461742274657591452e+02
7.466141968053012761e+02
7.786982008069749099e+02
7.877333183217434680e+02
7.754386333004755443e+02
7.644438772840633192e+02
7.400689008133741709e+02
7.002007979384164855e+02
7.152570245202330170e+02
7.152332840450683307e+02
7.102729894965135600e+02
6.931348168856887924e+02
6.830521123650603386e+02
6.897783071532195436e+02
7.852929100404235214e+02
8.085537726596719494e+02
8.137653064967053069e+02
8.038957077614422815e+02
7.686995567203168775e+02
7.683683182092647712e+02
7.652785697783945125e+02
7.721322321820960042e+02
7.721234468989216566e+02
7.713006370767255930e+02
7.613046499204789370e+02
7.448055273372117426e+02
7.350139906666565821e+02
7.114040356973973758e+02
5.950189291357869479e+02
6.084842207010974562e+02
7.077435774486606306e+02
7.141836415699990539e+02
7.553977508183930922e+02
7.645866948767638860e+02
7.633538743795979826e+02
7.098023653498955809e+02
6.880732743515418406e+02
6.705993458323116556e+02
7.911163832169570469e+02
8.142702201134342204e+02
8.188303606256134799e+02
8.002159880535612047e+02
7.930183141680997778e+02
5.950882948372427563e+02
8.163542303989300990e+02
8.593893972087860220e+02
8.752380936742194990e+02
9.431272540237730482e+02
9.513175322664304758e+02
9.363574054511821032e+02
9.026745531072449467e+02
8.558107444893187221e+02
8.521660494584008347e+02
8.652667882896143965e+02
8.943290917483654994e+02
9.349693045771125526e+02
9.402967947666306827e+02
9.355386115085419760e+02
9.018467360418500220e+02
8.512209212896973440e+02
7.829731768962687966e+02
6.410707943846447279e+02
5.952828432508174501e+02
6.098042500064711930e+02
6.489748132673823875e+02
7.223012171155771739e+02
7.616651553246665571e+02
8.233214045709943321e+02
8.269584442033446976e+02
8.835070376180553922e+02
8.998807096146132380e+02
9.071705391482997811e+02
8.993057751538982529e+02
8.962877306283361349e+02
8.276214607321019230e+02
8.115480455171141330e+02
7.898012872809129021e+02
7.934183006978275898e+02
7.949722177133457990e+02
7.951523995619186280e+02
7.774933514540822443e+02
7.727123835526415405e+02
7.579033407102472211e+02
7.566016674676725415e+02
7.536929453102854950e+02
7.374863935763157770e+02
7.445996708249381300e+02
7.630346783326760942e+02
7.860721077530715775e+02
8.196093733265840910e+02
8.509340829854953654e+02
8.640323559839498557e+02
8.691255813971913540e+02
8.609795392000994525e+02
8.479045939691872036e+02
7.985234295288371413e+02
7.719779820669028823e+02
7.553911051385898645e+02
7.281191348661841403e+02
7.276395776692378377e+02
7.575813601445795484e+02
7.587675440237323983e+02
7.552259046703027252e+02
7.102617228658137947e+02
6.895224841915660363e+02
8.360188806651854065e+02
9.072042524066384885e+02
9.356760551167556059e+02
9.348665748778339548e+02
9.338540800029757065e+02
8.826414767963016175e+02
7.811101225799662870e+02
5.703836861611878248e+02
6.166401978401846691e+02
6.240558581049731401e+02
7.667884136956147358e+02
8.122197148238151385e+02
8.613095213166625399e+02
9.084418813664664185e+02
9.350109478212611975e+02
9.400794559895953171e+02
9.100025240895414527e+02
8.833459648428944320e+02
8.773947507426415768e+02
7.301361283047698407e+02
6.519590859125628413e+02
5.471819593033923184e+02
6.969446462035118657e+02
7.444712990859223964e+02
7.778760429121914513e+02
8.169488562906630023e+02
8.130647440272973654e+02
7.652945867482108042e+02
7.397818482186038409e+02
7.058938163928152107e+02
7.776956994668281595e+02
8.520203633868687803e+02
9.113309859389391931e+02
9.638465738343705880e+02
9.713265837124739619e+02
9.783427862809928683e+02
9.416626151946923073e+02
9.088032719007503601e+02
8.289294969422405757e+02
6.940045647890387954e+02
6.704094337194148920e+02
6.389020864074299197e+02
6.982640971780759855e+02
7.100583936436918293e+02
7.102407975813189296e+02
6.638457809405756507e+02
6.022569403903851253e+02
6.346690766932846373e+02
6.795293860524989213e+02
8.657652736296165585e+02
8.689382558660749964e+02
9.120181196572029876e+02
9.243046061602398140e+02
9.167284380770606731e+02
9.129393960167187743e+02
8.499893728944806526e+02
8.342111827819048813e+02
8.110840700512981130e+02
7.718681279953566445e+02
7.110923455286758781e+02
6.787295566653574497e+02
6.648330294836392795e+02
6.458350329964799812e+02
6.317509299788721364e+02
6.509328296356258079e+02
6.598635785842234327e+02
7.085605295712830412e+02
7.085902170662543540e+02
6.916900139375884464e+02
6.813986755858118158e+02
6.612862191161834744e+02
6.621437255134133011e+02
7.117116727354340355e+02
7.447444437403454458e+02
7.475061515354275343e+02
7.511128272941846262e+02
7.610137156781668182e+02
7.912318287284313101e+02
8.177701744747187149e+02
8.183832852133825781e+02
8.150037385029182815e+02
7.578620748065213775e+02
6.948295344654184191e+02
6.406037422311502496e+02
5.798581397838690918e+02
6.644191872455270413e+02
7.172595267941654811e+02
7.435953213243324171e+02
7.657774189548021013e+02
7.470238360001413866e+02
6.978779442386721712e+02
6.806728345739534234e+02
6.274163381888939739e+02
6.812538168019310660e+02
7.046430982908595979e+02
7.090287934304665214e+02
7.018438603872746171e+02
6.533219283740597803e+02
6.482423130150868928e+02
6.844310104368465772e+02
6.873970911441463159e+02
7.034985023380253324e+02
7.087964235121769434e+02
7.565168846000074154e+02
8.225149815608558583e+02
8.227030885195748624e+02
8.247053931591824494e+02
7.684042610729754870e+02
7.642532563504489644e+02
7.516434495458607898e+02
7.962139583472335289e+02
8.090134470891541696e+02
8.755475251558982563e+02
8.728709134773496316e+02
8.572207853389901402e+02
8.316529297089302872e+02
7.467007385284980501e+02
6.917413497165110812e+02
6.690086112598912678e+02
6.689990806024123913e+02
7.460176108054938595e+02
7.749487587738778984e+02
7.801092502712488113e+02
7.739897403084779626e+02
6.384479860772170241e+02
6.027776641930415735e+02
7.191896237136832042e+02
7.310662208101998658e+02
7.344280999810075627e+02
8.180581093118022409e+02
8.424937796786944091e+02
8.235390278879282278e+02
8.065870742186324378e+02
7.972747846365097075e+02
7.709886746048705390e+02
7.543120507087392070e+02
7.564005953904361377e+02
7.536036600541630150e+02
7.514351194176325635e+02
6.817495702713342780e+02
6.756463605676840416e+02
6.755755183486842270e+02
7.427563957879899590e+02
7.566535105165916093e+02
7.969146962020953424e+02
8.118848897506798039e+02
8.106993544755192715e+02
7.555139264188559309e+02
7.259736317207309639e+02
6.963880171149227181e+02
6.118433679129826714e+02
6.528686002091866385e+02
6.558385417401823361e+02
7.460270520975610680e+02
7.536668637285190471e+02
8.467385498410727678e+02
8.537930099043338714e+02
8.634817979070124920e+02
8.333062629186395043e+02
8.057474254410799404e+02
7.428949309906059852e+02
6.267644190977580365e+02
6.176886589491438144e+02
6.881280382338289883e+02
7.083804772988628429e+02
7.133452891363208437e+02
6.851348160797231230e+02
6.741463193091062749e+02
7.105301315771743020e+02
7.921222360961965023e+02
8.606152024857207152e+02
8.739142558718414193e+02
9.043348481308564715e+02
9.041216059190019223e+02
8.909568075354355869e+02
8.911321902415074874e+02
9.298275818704423727e+02
9.748126828130139074e+02
1.012125385573225913e+03
1.016806539185371662e+03
1.016812679229642526e+03
9.823619367267185680e+02
9.571359585291789926e+02
8.600773598131352173e+02
7.405590581803478472e+02
6.727840439428481432e+02
6.083952653396463575e+02
4.023083558029127857e+02
4.720701331057186962e+02
6.653001622623564799e+02
6.944214704194571368e+02
7.524774396399888019e+02
7.628787852347650187e+02
7.599086730643193732e+02
7.552359924280733594e+02
8.029864941324167376e+02
8.198895436064283331e+02
8.231727664678662677e+02
8.215384741579517822e+02
7.695770752885543970e+02
7.108819895357240739e+02
6.891957427984109472e+02
6.717448051146543548e+02
8.240551222463883505e+02
8.320016520746308970e+02
9.262985487603330057e+02
9.534770597991127943e+02
9.754950110870308890e+02
9.747447702692097664e+02
9.420986965920923240e+02
8.463771068809616054e+02
8.217060703184981776e+02
6.976004175336712478e+02
6.557597032241353645e+02
6.348544540710585125e+02
6.766674362589875500e+02
7.000627917888275533e+02
8.815634862145275292e+02
8.851882749170647458e+02
9.283653713741563251e+02
9.313461786412046877e+02
9.132228541686135941e+02
8.994327879485977064e+02
7.458707717471809246e+02
6.292293778713210486e+02
7.308544722909800839e+02
7.754385239627304145e+02
9.144124466108032721e+02
9.607180104003964516e+02
9.871949513147349080e+02
9.762491400566403854e+02
9.708998536827982662e+02
8.831704344497318289e+02
7.576014607913306236e+02
6.351939803471252617e+02
7.372854832976183843e+02
7.946630489498331826e+02
8.390112336693521229e+02
8.253719034217299395e+02
8.036498534934262352e+02
7.978478377513413307e+02
5.739982653271717936e+02
5.861865317954629973e+02
6.368548323734352152e+02
6.673140070271085733e+02
8.036262598284286014e+02
8.200359023152748250e+02
8.458088952673597305e+02
8.760467924251474869e+02
9.022208306097284094e+02
9.545349529641997606e+02
9.611277794564407486e+02
9.752587405208670361e+02
9.747388877595520853e+02
9.611891101183828141e+02
9.377430545355651930e+02
9.103005356271785331e+02
9.047366893805560721e+02
8.934403358554068291e+02
8.809894774739431114e+02
8.746585979945341478e+02
8.211234772934000148e+02
7.786829622315216284e+02
7.765919281578079563e+02
7.770392473959250310e+02
7.775092851124209119e+02
7.697694919969399052e+02
7.536228186707530767e+02
7.227055331954261419e+02
7.295758452603987507e+02
7.723546719205294266e+02
8.474644696738488392e+02
8.619511988854659421e+02
8.720679601053288934e+02
8.706937000693983464e+02
8.112607970875180854e+02
8.092175334889707301e+02
7.435847800929459481e+02
7.313331261012663163e+02
6.929607144371694858e+02
6.672180710550545655e+02
6.832684733415460414e+02
6.954939276426198376e+02
7.163534964026794114e+02
7.499492933942408399e+02
7.500833828696972887e+02
7.736289086215017505e+02
9.111781117885980166e+02
9.775706989701775456e+02
1.057614850900508372e+03
1.078465693488990837e+03
1.087641748982583977e+03
1.099918187605512230e+03
1.084681055360573282e+03
1.027969734430673270e+03
9.283121832925014587e+02
8.781696045061290761e+02
8.565858581588718152e+02
6.812625450859313787e+02
6.834700686155339326e+02
7.005098474362262095e+02
7.225406362070898467e+02
7.212823851853262340e+02
7.192791162042866517e+02
7.078182988060246998e+02
7.244450730254723112e+02
7.535785585892465406e+02
7.984191817888015521e+02
8.404960453525427511e+02
8.584818340439044277e+02
8.692304319353866049e+02
8.875166897418249619e+02
9.318596990848102450e+02
9.393262071163235305e+02
9.547785786294100490e+02
9.587686333592422443e+02
9.359334881073406223e+02
9.081400211146263928e+02
8.848718110524557687e+02
8.225873230598519967e+02
6.873524651337044133e+02
6.546963679182171063e+02
8.062253057190358732e+02
8.611528786332277150e+02
8.903697319967911881e+02
8.914403885528570299e+02
8.776573707993615017e+02
7.685744268155242480e+02
6.953556103162204636e+02
6.400503245156744470e+02
7.304215651967607528e+02
8.148937366401249847e+02
8.492194631794213819e+02
8.528159689784431521e+02
8.417978024107080728e+02
8.217844299457481156e+02
8.098043254822575818e+02
8.250852767484971082e+02
8.377061243369539625e+02
8.383771189383510318e+02
8.292224333955255133e+02
7.861174827619747703e+02
7.781806253802693618e+02
7.416569415946682966e+02
7.400321956759134991e+02
7.581329414835606713e+02
7.848459940392510816e+02
7.883462914540034490e+02
7.875992415112651770e+02
7.729185324225400109e+02
7.780720878492711563e+02
7.992511407813490223e+02
8.318538530074740720e+02
8.451055402577195537e+02
8.877159167072856008e+02
8.770664857720653345e+02
8.551661128159391865e+02
8.305250513171904458e+02
7.585534386377980809e+02
6.296280497209706937e+02
6.798056744638358850e+02
7.794764711484002646e+02
7.801250888259373824e+02
7.486250555361798433e+02
7.454555418007760181e+02
6.406660977479862140e+02
5.689709846787263814e+02
6.601379408662742208e+02
7.356336446842281021e+02
8.329760110797644757e+02
8.783104781592666086e+02
8.894152465529377878e+02
8.892075590561730678e+02
8.838091895793622825e+02
8.873377837715445366e+02
9.087455309298111388e+02
9.332994695252017436e+02
9.372806192746164697e+02
9.372381459260190013e+02
8.509651028899723997e+02
8.430972653552047404e+02
8.101368685029641483e+02
6.775467670739318464e+02
6.608570897514517810e+02
6.662759560700626480e+02
7.044597797597377848e+02
7.046303344189750533e+02
7.685321752411188072e+02
7.879599543299975721e+02
8.400218475269813325e+02
8.426608510232389335e+02
8.283237700035172111e+02
8.227974343282138534e+02
7.767186496567082941e+02
7.132408484702051510e+02
7.137759628395128857e+02
7.788517336110509177e+02
8.015402688431902334e+02
8.906060097537840647e+02
9.004372600213921487e+02
8.962537069054121730e+02
8.636272067518738140e+02
8.504333804896540414e+02
7.615006051987039655e+02
8.887177297166947483e+02
9.055555534714716259e+02
9.615185698206855704e+02
9.744854911474009214e+02
9.527395193905165343e+02
9.477019320809044984e+02
8.452370696805728585e+02
6.539128221656998221e+02
6.268841664302789241e+02
6.323237730523229629e+02
7.465276008650052972e+02
8.017363190269851430e+02
8.925632704521964342e+02
8.946988971227459615e+02
8.968553494789364322e+02
8.862031682220867879e+02
8.223768194592217924e+02
8.100795226746934077e+02
8.100055880762657807e+02
7.798224779521145820e+02
7.466037976559385925e+02
7.273279565730080094e+02
7.003932023070419746e+02
6.665792909738346452e+02
5.778488317061270436e+02
5.808816479222066391e+02
7.146596125059900260e+02
7.973224572074686876e+02
8.152314465771905816e+02
8.301832929302688626e+02
8.210152850391206130e+02
7.878263805836604661e+02
7.462900441661280411e+02
6.678102951528790072e+02
7.155825220346848710e+02
7.689487217797707217e+02
7.722011856650741493e+02
7.604595620895318007e+02
7.343571938085315196e+02
7.263255589292508603e+02
7.371837137603189376e+02
7.889392559253792570e+02
8.215712253128729117e+02
9.242794128445646038e+02
9.377261926351461625e+02
9.359348150290572903e+02
9.158857014980990243e+02
8.743290421054978196e+02
7.809477527422142202e+02
6.628204911548518794e+02
7.451394498083813005e+02
7.862718987728127331e+02
8.019658266116562118e+02
8.049649004536934171e+02
7.512038860967440996e+02
7.340121608450116355e+02
6.829215829947555676e+02
6.871830313775571994e+02
7.902314636964470083e+02
8.151468456870629780e+02
9.082247660643902236e+02
9.199837639239990494e+02
9.186790152798516829e+02
9.105261739833044885e+02
8.459380377605814374e+02
7.820770407448939068e+02
7.932506025817294812e+02
8.167664358182857995e+02
8.174565062022329585e+02
8.389241461885949320e+02
8.412038032914133510e+02
8.619483842428712705e+02
8.629739798037059018e+02
8.602796847176044821e+02
8.436397034350285367e+02
8.306342121834894670e+02
8.104026678610844101e+02
8.083182252274143593e+02
8.075148161116710526e+02
7.976477276093271485e+02
7.874549968911828728e+02
7.907797989531411531e+02
8.119230547328221519e+02
8.122714394626134435e+02
8.135985821257806947e+02
8.753451654458856410e+02
8.765784667328236992e+02
8.902280546757539241e+02
8.892258968870205535e+02
8.710694927959580127e+02
7.613917389830943421e+02
6.503323000687910280e+02
6.027350795244562960e+02
5.742122254870520237e+02
6.034194298600630191e+02
8.999594386112614757e+02
9.246076661769085376e+02
9.571741981615701889e+02
9.676890250814327601e+02
9.706557787393052195e+02
8.894800681465393382e+02
8.617329087064464375e+02
7.030376930716051902e+02
6.202280418990211501e+02
6.138817386257912858e+02
7.081890213179757438e+02
7.710635531869907027e+02
7.950751907427173819e+02
8.145547985823749286e+02
8.150937503695602118e+02
7.853385516367833361e+02
7.733201531129759587e+02
7.453575335975916687e+02
7.329165341730553109e+02
6.894253360651049434e+02
6.797677048475530910e+02
6.811983509146756433e+02
7.274396301091901478e+02
7.321552456644209315e+02
7.313208528508646395e+02
7.303391732467764541e+02
8.505449410520934634e+02
8.820431527199514221e+02
9.238289498855411921e+02
9.250060825150623032e+02
9.224194373184097913e+02
8.667394177474593562e+02
8.142663806895194512e+02
7.621303717968896763e+02
7.673473892498799387e+02
7.828748672073338639e+02
7.860932677864317384e+02
7.826054919116869542e+02
7.663739334562977774e+02
7.625582197171048620e+02
7.527875621048925723e+02
7.698175449465102247e+02
8.576096278080316324e+02
9.063101229572607735e+02
9.319960237936696785e+02
9.435628424378874115e+02
9.415308190332349341e+02
8.910969853361475543e+02
8.767472793167123655e+02
8.693677323582977579e+02
9.088919196178202355e+02
9.751461064302393424e+02
9.771657140180402621e+02
9.890179912406106268e+02
9.727754127758034883e+02
9.462891261060859733e+02
9.113295553869477317e+02
8.253214677758480775e+02
8.251751742430957393e+02
8.196664437989984435e+02
7.985706539847684553e+02
7.946503346256420173e+02
8.009178858190175561e+02
7.962939729097718100e+02
7.770469497804945149e+02
7.669296109606389109e+02
7.016461875539308721e+02
7.456058645744044497e+02
7.684764703961063788e+02
8.216473659831726764e+02
8.459056062359935595e+02
8.645180489542163969e+02
8.589508776795132690e+02
8.477673499421971428e+02
8.371471383948542098e+02
8.362979346751774301e+02
8.555797113096432440e+02
8.644483946856291823e+02
8.723349866092178218e+02
8.656139987585388553e+02
8.607359706502137442e+02
8.438482406306395660e+02
8.264970896914203422e+02
8.294888335296109290e+02
8.397560981893234384e+02
8.355065913831798525e+02
8.299129394014832997e+02
8.075307550360490723e+02
7.709932269636527735e+02
7.716374164999123195e+02
7.733549796715387856e+02
7.740154092247062181e+02
7.800114348572794825e+02
8.063372945546877872e+02
8.093942071010983454e+02
8.310703889853416513e+02
8.279898275758513364e+02
8.059623427322713951e+02
7.932544072948885514e+02
7.338194003884186714e+02
7.181365421268440059e+02
7.529581646820831793e+02
7.902605078478641190e+02
8.115156118426689318e+02
8.053411459501288618e+02
8.010846638369791890e+02
7.519639928000356122e+02
7.475464796154510623e+02
7.841606519455060607e+02
7.878270527572493620e+02
8.697763494436858309e+02
9.651798322644506243e+02
9.733948410085561136e+02
9.889070899660832765e+02
9.885049097782722356e+02
9.809037449501558967e+02
9.481861956832967735e+02
9.061405380411822534e+02
8.013924792677699998e+02
7.673402364933260742e+02
7.587258713643291230e+02
7.538601530402344224e+02
7.332990973982593914e+02
7.818407094892384066e+02
7.951610799364284503e+02
9.876343997128154797e+02
1.000120746408374089e+03
1.027741536953090417e+03
1.028263417712844330e+03
9.607461216785558236e+02
9.444321594364080283e+02
8.417047277208322384e+02
7.110477419198929283e+02
7.713174445332881533e+02
7.728448863662905524e+02
7.900456442377603707e+02
8.285742556651707673e+02
8.504082551439146300e+02
8.732792952191744007e+02
8.878726397118907698e+02
9.015636424530600834e+02
8.975587275235869811e+02
8.968318191212163129e+02
8.394069790515414979e+02
7.553390409679557251e+02
7.371917306160617045e+02
7.636504014749773432e+02
7.879805897095619684e+02
8.031592061025468183e+02
8.167556468161565135e+02
8.065081271056872083e+02
8.046196117307050599e+02
7.891326687681397516e+02
7.909563787719455377e+02
8.113555197139786515e+02
8.258376914729190048e+02
8.267427704307422118e+02
8.245720654906396021e+02
7.835811264130531981e+02
7.798300045754509711e+02
7.604545767715840157e+02
7.036651646412931314e+02
6.708872127836973505e+02
6.867568283331711427e+02
7.059396606709901789e+02
7.815652936682593008e+02
7.844177048188005301e+02
7.776039975066878469e+02
7.706390607373277817e+02
7.145261217278307413e+02
7.084321706775417624e+02
8.005437702110521059e+02
8.254628634776029230e+02
8.308073112684794523e+02
8.473778019452632861e+02
8.765710285554636130e+02
8.885004781080259590e+02
8.951285090655264867e+02
8.974689312446987515e+02
9.275297111919828694e+02
9.357245860979217014e+02
9.390587146841481854e+02
9.441786321979637933e+02
9.420000056068636241e+02
9.242303560002176255e+02
8.851293948573855914e+02
8.822516208757598406e+02
8.347410302587946944e+02
7.593263345480266935e+02
7.590158557425459094e+02
8.328207931771109997e+02
8.707989389994188514e+02
8.807396617338553142e+02
9.512121069835488925e+02
9.434772875937494518e+02
9.269826848371030792e+02
8.773788899573861499e+02
8.110942568664106602e+02
6.274343980921555612e+02
6.047408949990601741e+02
8.464633145747185381e+02
8.880269627446601817e+02
9.666081732824294477e+02
9.777393196344499984e+02
9.932298194358121464e+02
9.849491904411793257e+02
9.433493122775596476e+02
8.944768948629262013e+02
8.761279187091308813e+02
8.739266577237289084e+02
8.355521076319062104e+02
8.298257136602668425e+02
7.437362399792085625e+02
7.352418007399577391e+02
7.307541110025927082e+02
7.350481393397527654e+02
7.365710231147211289e+02
7.296910292371921969e+02
6.754736133107180649e+02
6.673305222021556347e+02
6.661685207721028519e+02
7.014697584799275774e+02
7.521463348809679701e+02
8.953727994769030829e+02
9.852554898850584095e+02
1.003259129095282674e+03
1.023927109429008397e+03
1.030638580485148850e+03
1.010584934773988834e+03
9.855765425080844579e+02
9.389503857501335915e+02
9.173494151920471040e+02
9.245017687710708287e+02
9.284818575716440137e+02
9.222486011199621316e+02
8.946443444504052422e+02
8.209834217474081015e+02
7.925113802358486055e+02
6.441497871945775842e+02
6.608454772700412150e+02
8.335993370926594253e+02
8.937642654787219954e+02
9.581604626054313485e+02
9.772230678011751479e+02
1.039797865121414588e+03
1.036112371746501140e+03
1.027228715348212972e+03
1.007286142399104392e+03
9.363438071971945647e+02
8.966634051149662810e+02
8.381291753895056900e+02
8.454304279814909933e+02
8.601446840604780846e+02
8.555875158364927984e+02
8.364148959149589473e+02
7.435799606554608090e+02
7.371949617836431798e+02
5.206968485311170980e+02
5.197507813770096163e+02
5.446830600915109244e+02
6.673450446026763530e+02
8.044043677572892648e+02
8.484005899472257397e+02
8.812829273457430190e+02
8.677014613867916069e+02
8.669402925693744919e+02
8.076694182147962238e+02
7.213052105158593577e+02
7.584761044472621734e+02
8.051034937644936917e+02
8.567383042102844684e+02
8.702245664626998405e+02
8.839763600687672351e+02
9.091522375039360213e+02
9.859039303091527700e+02
1.010101284754474477e+03
1.011246568761024037e+03
1.035080886693372577e+03
1.040889213479280897e+03
1.019238166747894070e+03
1.014143806210445860e+03
9.417251523269201243e+02
8.942552091870651338e+02
8.670052191464544649e+02
7.884440659411139904e+02
7.724713212222657148e+02
7.646766177056069864e+02
7.449944513582690888e+02
7.309363354437789440e+02
6.356655663803059042e+02
6.159215696804468507e+02
6.102691744064809427e+02
6.129531272930619252e+02
7.313112458627117576e+02
7.895573640668054622e+02
8.366533554989750883e+02
8.452265828127001441e+02
8.435810237724501803e+02
8.223660028545317573e+02
8.275603712146207727e+02
8.295807282543161136e+02
8.511251953222915745e+02
8.747150816434378839e+02
8.640114095831704617e+02
8.068588568878628848e+02
7.982874615791713495e+02
6.648415461905151460e+02
6.255872040851550082e+02
6.840149635679397306e+02
7.132150679360233880e+02
8.339904716429435894e+02
8.389356594207815760e+02
8.405533979364047354e+02
8.387025045298928490e+02
7.720168017315018005e+02
7.681744045751288468e+02
7.426904250702888248e+02
7.019788354484431920e+02
7.005262240010135883e+02
8.346991261337418564e+02
9.367278063273519138e+02
9.895804553030357056e+02
1.017307499479443436e+03
1.032830723305818083e+03
1.065934206386375308e+03
1.055934204657244663e+03
1.000799027037085807e+03
9.906368846597174525e+02
9.662010172712480198e+02
8.440518557969578524e+02
8.422546003974010773e+02
8.549450220709273935e+02
8.565335437742245404e+02
8.571938719412480623e+02
8.444300861625019934e+02
8.271929772670971488e+02
8.044652353282097010e+02
8.037896969274906951e+02
8.009515622914709638e+02
8.162498223164130877e+02
8.225963697445324669e+02
8.324516612037828054e+02
8.379552021803704065e+02
8.367345044056353345e+02
8.324325638296645593e+02
8.136758325600682156e+02
8.130262825901768338e+02
7.773147085098300977e+02
7.563713628445955237e+02
7.091066288607930801e+02
6.721731051423846566e+02
7.863809567289351889e+02
7.882670401342363675e+02
8.375407631694770316e+02
8.379429409475467310e+02
7.985323737001957625e+02
7.954849443888601854e+02
7.508482258143239960e+02
7.613177184755434155e+02
7.615928789360591509e+02
7.403243884718190202e+02
7.183621980068533048e+02
7.836873523983890664e+02
8.422314555953876152e+02
8.914547246032765315e+02
9.014509394351573519e+02
8.957311234229712227e+02
8.925239886914473573e+02
8.165504360841594007e+02
8.174896322437035678e+02
8.602644012160391185e+02
9.751894737165649758e+02
9.827968257979537157e+02
9.861030519744066396e+02
9.862310637783840548e+02
9.635283383360253993e+02
8.640598055556351937e+02
8.283587907185466293e+02
8.122160454057253673e+02
7.897730188448889521e+02
7.874805686855856948e+02
7.854090365784192045e+02
7.728368740945809350e+02
7.087726285507934563e+02
6.864297062371792890e+02
7.276389600493631633e+02
7.597214121258734849e+02
8.600864826192862438e+02
8.977096581998008560e+02
9.022035623238482458e+02
9.076085421193254206e+02
8.983963548878024312e+02
8.907307981458556014e+02
9.165769041051828481e+02
9.247931586230063203e+02
9.256841430049557857e+02
9.159554117958600727e+02
8.675209234908099916e+02
8.592405477334788202e+02
7.964717569560505126e+02
7.905623785454481549e+02
7.879014662174574823e+02
7.666663839236409785e+02
6.906487756237527265e+02
6.759785280837058963e+02
6.704289741906247855e+02
6.634716648124127687e+02
6.896695752089576672e+02
7.765292026921663364e+02
8.341186155546689633e+02
8.664444299677787740e+02
9.605454755333604453e+02
9.742232403380894539e+02
9.736515501318421002e+02
9.463526654588160909e+02
9.196021340547169984e+02
8.437235719558615301e+02
7.563250502123297565e+02
7.633975091625492269e+02
7.734533126144289099e+02
7.916948958805342045e+02
7.926133792505896736e+02
8.499862642532634709e+02
8.729327325896111915e+02
8.919177089470522333e+02
9.003518226732164749e+02
8.927973838778530080e+02
8.887311026665364579e+02
8.990693143290732223e+02
9.328073856543135207e+02
9.574402809264714733e+02
9.586002169079318946e+02
9.464507618008392456e+02
9.432497286978829152e+02
8.285827900681979372e+02
8.240755961792262951e+02
7.501132211339977403e+02
7.131532224334746388e+02
6.474556231467140606e+02
5.856745626135705152e+02
7.450374542177582953e+02
7.594462032886880252e+02
8.550137278427700949e+02
9.105402160502336528e+02
9.123306645335956091e+02
9.380229440742645011e+02
9.404322672780624544e+02
9.418350551556941355e+02
9.412176084885320506e+02
9.403854182760917411e+02
9.105610208358283444e+02
8.970534494461924169e+02
8.809701827424019029e+02
8.773527610256315938e+02
8.759518549810102286e+02
8.754138758798869731e+02
8.733519686391389314e+02
8.808306616213799316e+02
8.907170144699672392e+02
9.112264689897995140e+02
9.724534826078920560e+02
9.762732957465225354e+02
9.762896045004389407e+02
9.608010321736595643e+02
8.404879092845408195e+02
8.039589693684715712e+02
7.607139707157089106e+02
6.220067956072621200e+02
7.335172539572240566e+02
7.468747035273577239e+02
7.600529781913137413e+02
7.809137671990478111e+02
7.655914893169546076e+02
7.588051367103323628e+02
7.579555650009183410e+02
7.679271158169151477e+02
7.917569507709808931e+02
8.207086271377629600e+02
8.255825358864012742e+02
8.627700497360472127e+02
8.830404649392625060e+02
9.012081052301972477e+02
9.224585339418048306e+02
9.230985573423297410e+02
9.616272763755063124e+02
1.000195370476596054e+03
1.038672697473781682e+03
1.052408074692380296e+03
1.050541226668160562e+03
1.048825154825748086e+03
9.721753425486915603e+02
9.083388079879291581e+02
8.861571371442103100e+02
7.765875597720458927e+02
7.829924290153578568e+02
7.958958063326970205e+02
7.973561058461061748e+02
7.750976550356969028e+02
7.722965205657409342e+02
7.217070567273622146e+02
7.173003093699176134e+02
7.844391088714287434e+02
8.184447105438576955e+02
8.686698383060983133e+02
9.067961981854316491e+02
9.192812625087011611e+02
9.183760867953516254e+02
9.114538736524932574e+02
8.941179479225734212e+02
8.948785264028898609e+02
8.936924315322152097e+02
8.902436612801078581e+02
8.762382851790174527e+02
8.590846789421341327e+02
8.771742739558344510e+02
9.013425767463467082e+02
9.570096271977636206e+02
9.578590724411253632e+02
9.623689976926344798e+02
9.447176731215813561e+02
8.706286922516882214e+02
8.689713757817432906e+02
7.665024429449467789e+02
7.398947575452593810e+02
7.783672072134331756e+02
7.909708693176598899e+02
8.356475622843566953e+02
8.356470698349771737e+02
8.251597318987486460e+02
7.988941115468853695e+02
7.605117765224678124e+02
7.605262144353937401e+02
7.636323394131375153e+02
7.612581439495494351e+02
7.396490753293011267e+02
7.086490188635287950e+02
7.008168887667799254e+02
7.022731418217491637e+02
8.338092354970310680e+02
8.989528688109919585e+02
9.669053271129428140e+02
9.712401602551960877e+02
9.802643715054132372e+02
1.015571572657384422e+03
1.012574053175696690e+03
1.011830612688425276e+03
9.793679077367733044e+02
9.597595676502858169e+02
8.932685905472679906e+02
8.249597931932426036e+02
8.111142912543454031e+02
7.185312425754621017e+02
7.017127327625104272e+02
7.452562352977408864e+02
7.744805936347052011e+02
7.817317416210361216e+02
7.729250829799751727e+02
7.635508075956420271e+02
8.215974422846828702e+02
8.764550998790936092e+02
9.226445617402960124e+02
9.384460527655230635e+02
9.516109282637571596e+02
9.201327958586171007e+02
8.990294706076538205e+02
8.363937376009581612e+02
8.124862568458111127e+02
8.745687315491798017e+02
8.854373709018419731e+02
9.266042843571271987e+02
9.264545451784603074e+02
9.182755460376491783e+02
8.677099904705440849e+02
7.437898842227723435e+02
7.161026887612943028e+02
8.416237964742688291e+02
9.085946969209292092e+02
9.222251676057649092e+02
9.349186470969194716e+02
9.293342394528093564e+02
8.971530826717576019e+02
7.528966548078617507e+02
6.711684500331750769e+02
6.624789304861147912e+02
7.936642194591894395e+02
8.071703052359109734e+02
9.507587152899212697e+02
1.004177878434417153e+03
1.085666079657763930e+03
1.094592135219070542e+03
1.150319567182120863e+03
1.145792300891752120e+03
1.135462629734629218e+03
1.132404442548843690e+03
1.096237458521852204e+03
9.025923332005651218e+02
8.774712943650184798e+02
7.846447921729359223e+02
7.011851891285934926e+02
5.795578367963167921e+02
5.696151307736338367e+02
7.201065148393057598e+02
7.826631171390690724e+02
8.583060510039906603e+02
8.645588231780839124e+02
9.073740336488134517e+02
8.844138035263306392e+02
8.246618869763842667e+02
8.145736034162521264e+02
7.619536622415834017e+02
6.691550737562768063e+02
8.458736146379517322e+02
8.550208495329570724e+02
8.698650146607296847e+02
8.823095356473584161e+02
8.556245415414139188e+02
8.127217288108076900e+02
7.734418038584619808e+02
7.746883745963225465e+02
8.239590145012923585e+02
8.348451444906681900e+02
8.378190158718416569e+02
8.377030180394842773e+02
8.366406776532966205e+02
8.325343211887911821e+02
8.447153154269343531e+02
8.424613636352174808e+02
8.278712541320104492e+02
7.746648032552204768e+02
7.701643373781059836e+02
8.409732241569228108e+02
8.718873682703949726e+02
8.790087961177472380e+02
8.887041134983585380e+02
8.834829326455740102e+02
8.294969779396390095e+02
7.609108230413311276e+02
7.607547255970688411e+02
7.617545156369567394e+02
7.625868736043611307e+02
7.662603324290680575e+02
7.814535778425433818e+02
8.741046113350139422e+02
9.066463901001493468e+02
9.725796844401124872e+02
9.821280895842585323e+02
9.997074148678411802e+02
9.772725600522401237e+02
9.728912608723222775e+02
9.505159759323973958e+02
8.696368162058868165e+02
8.583286874345982369e+02
8.335330129370786381e+02
7.850979430073469985e+02
7.573791234672096380e+02
6.936629306577523266e+02
6.906120810877232543e+02
7.000861298794698087e+02
7.133466554495224727e+02
7.180885911016923728e+02
7.270035085671736397e+02
7.443833611224235938e+02
7.945898082059354692e+02
8.219382601760054285e+02
8.685075543188739857e+02
9.280158536892630536e+02
9.900156884923072766e+02
1.009146326702871193e+03
1.039044862406525226e+03
1.062172743278136295e+03
1.065182157594667160e+03
1.059334022540376736e+03
1.042515163610545642e+03
1.010533517017250915e+03
9.817623009652545534e+02
9.607084199891480694e+02
8.449167918927599885e+02
8.347948695657312328e+02
7.645220327924213279e+02
7.557016445836893581e+02
7.187198114381357072e+02
7.283909133112711061e+02
7.572253685444130724e+02
7.655048187585754249e+02
7.504892646412497470e+02
7.265630575459882721e+02
6.774020071700936114e+02
6.674354453642208682e+02
6.708341919164764704e+02
7.813197168309238805e+02
8.429380632219488234e+02
8.760120018375674817e+02
9.179182031553863226e+02
9.184641428488137080e+02
9.169078351823930007e+02
8.589571036441017213e+02
8.567088089051264888e+02
8.412527101928183129e+02
8.729634671092896951e+02
9.545068233528742212e+02
9.956816439260167044e+02
1.023823039424237322e+03
1.060133899803438908e+03
1.072030710302473608e+03
1.061428383319674595e+03
1.036732345391769286e+03
9.947316762115523261e+02
8.417021814624501985e+02
7.762070358477446916e+02
6.952135317841142523e+02
8.054979558802526753e+02
9.238314887144171053e+02
9.512252345996264467e+02
9.532300555366491608e+02
9.436630524676718323e+02
9.270905119229132652e+02
7.657397381605559303e+02
7.457297809196521712e+02
7.396201921061244775e+02
7.538897432061994550e+02
7.727378980581959240e+02
7.738723040730881166e+02
7.791804904581089204e+02
8.239689476961933678e+02
9.444885328255628565e+02
9.968026918094245730e+02
1.021016756385862550e+03
1.055304363427429735e+03
1.056588559717412863e+03
1.031040667678815680e+03
1.029870246762168335e+03
9.765919272039401449e+02
9.444134961557249426e+02
9.175017127369228547e+02
8.986488931010329679e+02
8.904540864784252108e+02
8.034778863981102859e+02
7.830383538678959212e+02
6.939361867511647688e+02
5.726561731259614589e+02
7.829134611474505618e+02
8.053337821483435164e+02
8.297289695289846350e+02
8.334561166000244157e+02
8.153724749971681831e+02
8.080593100874835955e+02
7.329463583569054208e+02
7.320933250846809415e+02
7.376050874027355349e+02
7.526220758543538523e+02
8.163394721395335409e+02
8.678548972118097709e+02
9.609650265909629070e+02
9.770262918951516440e+02
9.862980575751637389e+02
9.711563793695811455e+02
9.710736190400502892e+02
8.667660000989648097e+02
8.339715337113017313e+02
7.866131137563395441e+02
7.774103389266379054e+02
7.672816822192758082e+02
7.558585223512153561e+02
7.416873535582735713e+02
7.390594525484368660e+02
7.364116268241790522e+02
7.310687998006069392e+02
7.323833024682759287e+02
7.423128874666405181e+02
7.656680913209877417e+02
7.848580297054006678e+02
8.607345215124125843e+02
9.121685208165000631e+02
9.171917086815283255e+02
9.115426043412763875e+02
8.963273329533827791e+02
8.222604649638905130e+02
6.941533247681820740e+02
7.176189125411962095e+02
7.980642986444711369e+02
8.539068308450023324e+02
8.836445008138763342e+02
8.834891031627948905e+02
8.777608024191716822e+02
8.188890026584161888e+02
7.860683623796334132e+02
8.340668628949465528e+02
9.177541723161899654e+02
9.348151923829866519e+02
9.355072288677469032e+02
9.360021424164503969e+02
9.022809532590756589e+02
8.463244189414928087e+02
8.477024398478013154e+02
8.731964932615009047e+02
8.821281474013483148e+02
8.877600813013594916e+02
8.691180690477326607e+02
8.603408788931971003e+02
8.440075068574597026e+02
8.646366697205205583e+02
9.068464873911761970e+02
9.209569816052551232e+02
9.202583012684722235e+02
9.119213081081077235e+02
8.752523326835287207e+02
8.509123756783086492e+02
9.012997514522630809e+02
9.459665617728553570e+02
9.718969178625377481e+02
9.943471545018462621e+02
1.002100274576065544e+03
9.924873094657205002e+02
9.766036883922638481e+02
9.443794442415722870e+02
9.065286831603744986e+02
8.720726034241077969e+02
8.518713061619204154e+02
7.115013337481068447e+02
7.019218423592737963e+02
5.953163484187741687e+02
7.250332672407939754e+02
7.573736913960675565e+02
8.051499031047358130e+02
8.182717967043090539e+02
8.302670141828436954e+02
8.290110191939571678e+02
8.318580877417750798e+02
8.524173383973217142e+02
8.960590360298772339e+02
9.228841389426715978e+02
9.295180771430647155e+02
9.124749200055283609e+02
8.911764154139167431e+02
8.768412458604594804e+02
8.137048456098124234e+02
8.477886847734963567e+02
8.990346980261945191e+02
9.146639160228187393e+02
9.138935347217461640e+02
9.133408513792467147e+02
8.791017099414301583e+02
8.988029039885429938e+02
9.157007942352222472e+02
9.186169422528261066e+02
9.258753451203779150e+02
9.311611583971263144e+02
9.652161375255660687e+02
9.752570401105765541e+02
9.806307106162671516e+02
9.782391642356894863e+02
9.512144889328283170e+02
9.343894354413852170e+02
8.544280533799792465e+02
8.387765682171022945e+02
8.196632142005405512e+02
8.137518054980180295e+02
7.922661527352304347e+02
7.573376520189360690e+02
7.956878830776995528e+02
8.086223943838558625e+02
8.262891689002956355e+02
8.503000063661156673e+02
8.502037730524604058e+02
8.463989681751220360e+02
8.606142117506171871e+02
8.721874406648081504e+02
8.856093693748370015e+02
9.005843416174118374e+02
9.055329263928784940e+02
9.008273837520176812e+02
8.988884028072384353e+02
8.771354822314934836e+02
8.747485045643295507e+02
8.516430616358460384e+02
8.500484177446905960e+02
8.371885250887098664e+02
8.411339857192319869e+02
8.583202515077778116e+02
9.982041330484124728e+02
1.054733290224862003e+03
1.062145754876467890e+03
1.062415885159310164e+03
1.056449029613729635e+03
1.055830247088651731e+03
8.944433662023917577e+02
8.349392569632503864e+02
8.075852446860204736e+02
7.549531813516567809e+02
7.466560474311287408e+02
7.546808927218057761e+02
8.568560593757031256e+02
8.803063304797336741e+02
9.330926327179005284e+02
9.454936473887429429e+02
9.363514553614936631e+02
9.148044295005089452e+02
8.450215459939209950e+02
7.752789419497335075e+02
7.357142099763439091e+02
7.721584817933121485e+02
8.620405714693085883e+02
9.269337560713819357e+02
9.514963565826578815e+02
9.533974654479006858e+02
9.424798901635001585e+02
8.993458450318473751e+02
8.785727399343388697e+02
7.887876472674809065e+02
7.514118205711583869e+02
7.334356486717269945e+02
7.261776214449455438e+02
7.761337863851607608e+02
8.807835238326130138e+02
8.865193635324571915e+02
1.019421102833789973e+03
1.066620697110229003e+03
1.072709476271386393e+03
1.066193027184259563e+03
1.041526295327410480e+03
9.597169137260294747e+02
9.486657772040147165e+02
6.966761725472645139e+02
6.742584301089648307e+02
6.627873605709575031e+02
6.543837938834439001e+02
6.734559830455108340e+02
6.768851238705503874e+02
6.622112724179823999e+02
6.522308451452272493e+02
7.566870105427309454e+02
8.564101059571128189e+02
9.056038121727196994e+02
9.355560491500859825e+02
1.015173817996934304e+03
1.017069970002351056e+03
1.016512271598433131e+03
1.011928478176006365e+03
9.815523845297537946e+02
9.716414173688948495e+02
9.581524507957541346e+02
9.491294605149712424e+02
9.042362544050290580e+02
8.767864188396947611e+02
7.561675665670020408e+02
7.555818949028603129e+02
7.171149542740845391e+02
8.065108106124139340e+02
8.597734755954051025e+02
9.635383367055007966e+02
9.768822913387065228e+02
9.768822913387065228e+02
9.379646261205573410e+02
9.277489257566567176e+02
9.037375812120976661e+02
7.143573722932951569e+02
7.027928424247957082e+02
7.688912758609105822e+02
8.214711476198908713e+02
8.275894681813460920e+02
8.245693464520887801e+02
8.195311319152151555e+02
6.816603545932551924e+02
6.786638254846598102e+02
7.104313001490525039e+02
8.342519308312384965e+02
9.256245948631594729e+02
9.693018807772523360e+02
9.899202469557867516e+02
9.897745379511645751e+02
9.470475820126621329e+02
9.103359566143233224e+02
8.232508627092410052e+02
7.854463165235003999e+02
8.548392910492888177e+02
8.990776943629548441e+02
9.201641435764838661e+02
9.334802836228974456e+02
9.377283426265559001e+02
9.373199322062296233e+02
9.458908159151380914e+02
9.572290418872439659e+02
9.698344720797337004e+02
9.668239478345652742e+02
9.459432764455339111e+02
9.220712194146170759e+02
9.114918517952785351e+02
7.785231999162995180e+02
7.266886265955514546e+02
6.868570793443927869e+02
6.278886490418240101e+02
6.413723409910783175e+02
6.969343535798876701e+02
8.193131525555641019e+02
8.503862038388540441e+02
8.682518471902068313e+02
9.053174444585547462e+02
9.122514861303566249e+02
9.127133143804226165e+02
9.077166996813825790e+02
9.064280802468364300e+02
8.996896479385725343e+02
8.783122820140068825e+02
8.516898864474569564e+02
8.288022752043143555e+02
8.247836057264767078e+02
7.780893999518577857e+02
7.790170367610237463e+02
7.832064478889361681e+02
7.810506111015358783e+02
7.643532222878611719e+02
7.571340171267261212e+02
7.382709149395218446e+02
7.350043170752350079e+02
7.245082439286902627e+02
7.203970821411438692e+02
7.251924392742399732e+02
7.293982824589614893e+02
7.225427356585294092e+02
7.219126672697490221e+02
7.115897202796868442e+02
7.257435206545925439e+02
7.714644430462097944e+02
8.319645097160632758e+02
8.998633219616044698e+02
9.191386913705139250e+02
9.369574349334639010e+02
9.739447957891705983e+02
1.000753259771314106e+03
1.006420328391630051e+03
1.017295602741393168e+03
1.041437265168162412e+03
1.070163136122990863e+03
1.082066940480131052e+03
1.078912309992337214e+03
1.066270398803378157e+03
1.017042842050356057e+03
1.001815939816893092e+03
8.872193361581400950e+02
7.198447609624923871e+02
6.619324632578772025e+02
6.522210121137319447e+02
6.989905815391155102e+02
7.991747116595239504e+02
8.547126318536418239e+02
8.976921301291553164e+02
9.240949892343793408e+02
9.284446765834470625e+02
9.197311889004400882e+02
9.135688616354298119e+02
8.841747307325440488e+02
8.835221758377397236e+02
8.613748394202784766e+02
8.013748648944300612e+02
7.595686770586873990e+02
7.429148080453798002e+02
6.204168684708771480e+02
8.516334149744425304e+02
9.201157471221747528e+02
1.020483377348227464e+03
1.027992012119074616e+03
1.092080265760007251e+03
1.109934159128925330e+03
1.099398569928065399e+03
1.072795110656197949e+03
1.058077119891482425e+03
9.923849080108356020e+02
9.670562821535188505e+02
8.458077674076457697e+02
8.244606191922925973e+02
7.767539539518539868e+02
7.706251067529952934e+02
7.716139800376412268e+02
7.755717466738972234e+02
8.395439669249265080e+02
8.415597683457228868e+02
8.440280917979000606e+02
8.308666404619856394e+02
8.206065474227468712e+02
8.806184119170695794e+02
8.883239808402197468e+02
9.046044048621282627e+02
8.955998976868652335e+02
8.670625866216776103e+02
8.639254332886895327e+02
8.411138631803499948e+02
8.593267924120716543e+02
8.915435581938886571e+02
8.957294423049352190e+02
8.988912652631240690e+02
8.801360885847236659e+02
8.511661732524264607e+02
8.503698946272407966e+02
8.475675416801217352e+02
8.493299424184497184e+02
8.418054058777062210e+02
8.337848091016496710e+02
8.259016207453521474e+02
7.745220748442957301e+02
7.435086183303490088e+02
7.507575205793231135e+02
7.535873967747611459e+02
7.710484430116562180e+02
7.700823017714993739e+02
7.665512157937065467e+02
7.807722462214367170e+02
8.313879989893838456e+02
8.392064329997716641e+02
8.359667921994475819e+02
8.314060531128857292e+02
7.649625830823596289e+02
7.065089312966892976e+02
7.057796604416707851e+02
7.336876149882281197e+02
7.596049181774956196e+02
7.761192082732823110e+02
7.823225115871140360e+02
7.907433315224287753e+02
8.177443111122371420e+02
8.250929843524965008e+02
8.636495544769699109e+02
9.047642340235928486e+02
9.378258831815812755e+02
9.514038225998035614e+02
9.504194945818611586e+02
9.426546065363486377e+02
9.098704057358156660e+02
8.990725409214318233e+02
8.931151407043842028e+02
8.932670909134184285e+02
8.863853463983949723e+02
8.834515664208954604e+02
8.406491149232356292e+02
8.050446984807750823e+02
8.032434532069429451e+02
8.074937718130561279e+02
8.074393493493087135e+02
8.006665687855314673e+02
7.774975580454133706e+02
7.716456390739623430e+02
7.457905562324630182e+02
7.323741954888517967e+02
7.330020574881837092e+02
7.509086246946332039e+02
7.962498877529608308e+02
7.982768374714199808e+02
8.107795250463705088e+02
8.415876788105341575e+02
9.645795538339289124e+02
9.930240181163723037e+02
1.036379255812078100e+03
1.037199797410249630e+03
1.043150451846188616e+03
1.027948125459819266e+03
9.713626945927965153e+02
9.102048947512689665e+02
9.061264387054114877e+02
8.886435198978745120e+02
9.023235845448880355e+02
9.534888330866496062e+02
9.632712799091214038e+02
9.932603332642988789e+02
1.005721420935690048e+03
1.002025784449059529e+03
9.944982460907235691e+02
9.688914199162612704e+02
9.598891726316699078e+02
9.450601175037485291e+02
9.426269888958146339e+02
9.359760264364506384e+02
9.223500756322547431e+02
8.977424159031828594e+02
8.313109705635473574e+02
8.016239986691466584e+02
7.719989109112528922e+02
7.707990136083849393e+02
7.613251688186664978e+02
7.517940842569802271e+02
7.345538136746337159e+02
7.369760750900106814e+02
7.440278107336960147e+02
7.861285352351246729e+02
8.137973660585478228e+02
9.454239971699746548e+02
9.458302171129494127e+02
9.497983227141386351e+02
9.475640790558113622e+02
8.877203179169180203e+02
8.403816357647845052e+02
7.529563582820032934e+02
7.726920609138724103e+02
8.027252582241302434e+02
8.356254886455847100e+02
8.630211827101701374e+02
8.640062583985961737e+02
8.635373867715335336e+02
8.072799648854465886e+02
7.798101102543835168e+02
7.796653946286604651e+02
9.142002115548267511e+02
9.544163956995128046e+02
9.638590533172467758e+02
9.890077176081537118e+02
9.872057082132314463e+02
9.574415260716252760e+02
9.481114867847604728e+02
7.065038359806289918e+02
7.101319730648415316e+02
7.157358891513159733e+02
7.835255326153577471e+02
8.868146765538460841e+02
9.010894271741886996e+02
9.399653630619054638e+02
9.506997571635497479e+02
9.398691188131015224e+02
9.094855023356204811e+02
8.655188781585982269e+02
8.264732767396858435e+02
7.285611681917862370e+02
7.058738799270420259e+02
6.710805992144350967e+02
6.348014550658538155e+02
6.406017263121054839e+02
7.588629857690118570e+02
7.655999052833094538e+02
8.411990667171211271e+02
9.843261179070207163e+02
1.049306311612525860e+03
1.073898167022655116e+03
1.076900760638160136e+03
1.063420599092148677e+03
1.030978504701834026e+03
9.570966122020158764e+02
8.729059800706430678e+02
6.858291808470253272e+02
6.782467795180740495e+02
7.010364360502836689e+02
8.042193820802839355e+02
8.477720043888078862e+02
8.686205928974552535e+02
8.798338936372606440e+02
8.708800767946411270e+02
8.614499526762518826e+02
8.355765731375684027e+02
8.288193916359937248e+02
8.385332783346784709e+02
8.412184631277100380e+02
8.679705129194499023e+02
8.683577899712336148e+02
8.684795672044774619e+02
8.633837820132109755e+02
8.666131029699255350e+02
8.715274857159351996e+02
8.659256791604502723e+02
8.600276436304061463e+02
8.417337112555649128e+02
8.073598362345819623e+02
8.507095525135373464e+02
8.765268701392872117e+02
9.226454215538100243e+02
9.420710985222420959e+02
9.170677632625067872e+02
9.041595567573073140e+02
8.901555447130234597e+02
7.902886290995425043e+02
8.906336981730346452e+02
9.173622558147930022e+02
9.424393853074972185e+02
9.487489893866936654e+02
9.522060563315995978e+02
9.387364710755117585e+02
8.745466126701003304e+02
8.637756617898691047e+02
8.988692287731595343e+02
9.430356564808920439e+02
9.526668654255826141e+02
9.613951340935166172e+02
9.636757071661041891e+02
9.219560821663110346e+02
9.210739472212927694e+02
8.963638962968873329e+02
8.675882511745292049e+02
8.596787611765560086e+02
8.884546216687670039e+02
8.903856455401781886e+02
8.929497015862450553e+02
9.048070120931772635e+02
9.421995433955739827e+02
1.014665956389815847e+03
1.015733064339812586e+03
1.012084941805956078e+03
1.004858645616151989e+03
9.789943669002166189e+02
8.990668363793962499e+02
7.192875864116209641e+02
7.106753817353056775e+02
7.093279269740102109e+02
6.904290131578317187e+02
6.774631317990124444e+02
6.472878234723416426e+02
6.488733364706641851e+02
7.490313446668947108e+02
7.673342673993071230e+02
7.737647737971485640e+02
8.275220573779872666e+02
8.327915932391912293e+02
8.476410896415624165e+02
8.824605868063646312e+02
8.824722638519682505e+02
8.544328165695922053e+02
8.472450840804493737e+02
7.956365457194283408e+02
6.463911272766854381e+02
6.460458680238476745e+02
7.869320194166700730e+02
8.418866351712982805e+02
8.453550094343680712e+02
8.900786094292475354e+02
9.219792593062823016e+02
9.187132237531935743e+02
9.142870977078989654e+02
8.808223779856348301e+02
7.809617582699162313e+02
7.679437396962540561e+02
7.453497018790926631e+02
7.457884626547451035e+02
8.596871621710974978e+02
8.851323118363856111e+02
9.332977139875192734e+02
9.449041684225167046e+02
9.450568025335688844e+02
9.169583085047476061e+02
9.089048783639868816e+02
8.888032163490170205e+02
8.902357137712208441e+02
9.095795847500119180e+02
9.108954502278975269e+02
9.102476939799039428e+02
8.949575031638430573e+02
8.898256955885634625e+02
9.085536488486827693e+02
9.622306989723551851e+02
9.824068773058202169e+02
9.838587895597738679e+02
9.826838348829378447e+02
9.589099906949500109e+02
8.698474429794913476e+02
8.068188291646195012e+02
7.558528560915258367e+02
7.567442513325493110e+02
7.691874674320840768e+02
8.095355156874662725e+02
8.638104294848351401e+02
8.719729730662140810e+02
8.863840429085540791e+02
8.841841876923227801e+02
8.757620872511530479e+02
8.419533705996815343e+02
8.143545688550359500e+02
7.765815887708286027e+02
7.566538423682349048e+02
7.386237833397332224e+02
7.543343845339417157e+02
7.736079497805017127e+02
7.745815454094292818e+02
7.548955342809507556e+02
7.460398189128635522e+02
7.302938094174717207e+02
7.376711860979319226e+02
7.942317726850021700e+02
8.069981539906281114e+02
8.090116502500286515e+02
8.090663586064376886e+02
8.132581225562238387e+02
9.391097605406508819e+02
9.568213233886987155e+02
1.014877452162853388e+03
1.069003814754936911e+03
1.086580748635496548e+03
1.093624704677240288e+03
1.083991201821823324e+03
1.053337289395538846e+03
1.046898621977325774e+03
9.482316251428690066e+02
9.280033325264462292e+02
9.142021287149918862e+02
8.998462847319626690e+02
8.757973817102031262e+02
8.662697375117235197e+02
8.256230575538052108e+02
8.025533011390625688e+02
6.956602268820644213e+02
7.683691906064292425e+02
8.447958338405754830e+02
9.079014812670027368e+02
9.285280282062512924e+02
9.421062669293341969e+02
9.256686070263733654e+02
9.210635533837644289e+02
8.748567668934238100e+02
8.621650364121950361e+02
8.276044136723029396e+02
7.995159013008598095e+02
7.496722109159749152e+02
7.372742232971799012e+02
6.053488610606475504e+02
8.260748148089307961e+02
8.331454731268559044e+02
8.767335532901659008e+02
9.652413866772495794e+02
9.979790043565652695e+02
9.933651821485136679e+02
9.764219751460972248e+02
8.984316199308603927e+02
8.891013307841327560e+02
7.940215401936902708e+02
7.719849511194262277e+02
7.812110419119018161e+02
8.407492195357971241e+02
8.406632147171455927e+02
8.345230748028308199e+02
8.307868557947117552e+02
7.607610283799679110e+02
8.041295624341759094e+02
8.066569118382184342e+02
8.345534042037992322e+02
8.391249166721642041e+02
8.381089007521060239e+02
8.735445200587261070e+02
8.859800729344103729e+02
8.990926354960132585e+02
9.141311014298206601e+02
9.054960673208777280e+02
8.926658682187905924e+02
8.687271992156398710e+02
8.302199058273740775e+02
8.202529773167943858e+02
8.152494407536019025e+02
8.265842671324980984e+02
8.303883301093774207e+02
8.288951633671917989e+02
7.960452528725421644e+02
7.776358550479363885e+02
7.386555308613704938e+02
7.272738871497081163e+02
7.537681178588600233e+02
7.601764557543810952e+02
7.613262435367449825e+02
8.086998056934568240e+02
8.737626823583395890e+02
8.884110857398964072e+02
9.373154499224968959e+02
9.747576242563281994e+02
9.644661708281180381e+02
9.499565603285502675e+02
9.294557480487293333e+02
8.500674551003580746e+02
7.460522869191764812e+02
7.193295081200831191e+02
7.163796424433521679e+02
7.016825113976751709e+02
7.007801174922567498e+02
6.839029435984368774e+02
6.926069027692362852e+02
7.135809404307651675e+02
7.523292254701093498e+02
8.263496612182505032e+02
8.464728963844706868e+02
8.711542137524170357e+02
9.098637092870822016e+02
9.644220869728712842e+02
9.648477728716800357e+02
9.501622253462319350e+02
9.313780266692838268e+02
9.098972621284102615e+02
7.658577065720979817e+02
6.732441796284260818e+02
6.749020113394891496e+02
6.832638041409077232e+02
7.700099200178319734e+02
8.450956040015927329e+02
1.030126556633470045e+03
1.042676749856872902e+03
1.058229586439478908e+03
1.060829160975378727e+03
1.050211465242753093e+03
1.009569827491704018e+03
9.093551144673209592e+02
8.075488473079576579e+02
7.804244374110294302e+02
7.767276343352190224e+02
8.514013293995477625e+02
9.577008874984720705e+02
9.777117266954992374e+02
9.843136738424126406e+02
9.795742267044822711e+02
9.743170582917230149e+02
8.327170436308092576e+02
8.228027493095145246e+02
6.993903829630569362e+02
7.344551611326066904e+02
8.406027218426736454e+02
8.579673654150464017e+02
9.097287615355253365e+02
9.122148946632918296e+02
9.046953173218071242e+02
8.874912179710429427e+02
8.558562393697203561e+02
8.488281855360811505e+02
8.554709717916183536e+02
8.661156311949609972e+02
8.315684269301145832e+02
8.207531837090856470e+02
7.858772423701270782e+02
6.795323230924116160e+02
5.751190597757320120e+02
6.397639458577763207e+02
6.466636019323527762e+02
8.584798058961332572e+02
8.988890588223075611e+02
9.452040432217590933e+02
9.444661592740741298e+02
9.308423944782515491e+02
9.268203758711923683e+02
8.025469596003324568e+02
7.590628959550234640e+02
7.756812738802456124e+02
8.259164149390395551e+02
8.537220145281849000e+02
8.914529205882849965e+02
9.131780887285189010e+02
9.411244123041318517e+02
9.417906223773129568e+02
9.336770390464787397e+02
8.914059107252277272e+02
8.627208777785764369e+02
6.846928722276761619e+02
6.455632617413662047e+02
6.701982664129204750e+02
7.860858376338248945e+02
8.952136928861268643e+02
9.615441902644574839e+02
1.053117279361493274e+03
1.067894278169306290e+03
1.067949008818481616e+03
1.059929314760490570e+03
9.774180895981492085e+02
9.233973171804835829e+02
8.031070903970119161e+02
7.825323149587570697e+02
7.827827649698829191e+02
8.780014569138177194e+02
9.412219228936396576e+02
1.023936865073344848e+03
1.024511007763399448e+03
1.034154276678966198e+03
1.064121439894057403e+03
1.070176003349862413e+03
1.069612884737936838e+03
1.068845807381303985e+03
9.945450704240658979e+02
9.736008717952286133e+02
9.364361578913218409e+02
8.971690915047439603e+02
6.529500648667462883e+02
6.945623265365294401e+02
7.596852673851780082e+02
8.130075187964612269e+02
8.420757173403563911e+02
8.499353215180905181e+02
7.762758125431282679e+02
7.519123016072501287e+02
7.511169994645155157e+02
7.500405895337012225e+02
8.002686816190699801e+02
8.870443909413118035e+02
8.953752354024633178e+02
9.265901264351455211e+02
9.253596205419273701e+02
9.079229784559273639e+02
8.772632439302725516e+02
8.608590580640823191e+02
8.397099479374994644e+02
7.857897760714154174e+02
7.825615263260821166e+02
7.810670720233636075e+02
7.933119284601298205e+02
8.003145630249739497e+02
8.151852703999343248e+02
8.502504672622746966e+02
8.539940032833135319e+02
8.539983012812136849e+02
8.543787738014890465e+02
8.701662265570846557e+02
9.151858939761868896e+02
9.337338140785800533e+02
9.406233430543693430e+02
9.671986073081624227e+02
9.656551509100963813e+02
9.502859624370701113e+02
9.232448561860953760e+02
8.618805930607444452e+02
8.469496184932405640e+02
8.130116928998263575e+02
7.556988515603375163e+02
8.127218158167997899e+02
8.325470640535770599e+02
8.896075608396545249e+02
9.961426100576792351e+02
1.014987397245088005e+03
1.039349261860784509e+03
1.031871992556531040e+03
1.030994228116540171e+03
1.021563388952938226e+03
9.551189052313039838e+02
9.118739898429043933e+02
8.984730573240198055e+02
8.805567357211540411e+02
8.726469807539451722e+02
8.524577866475722203e+02
9.205643162266072750e+02
9.837410789342281987e+02
9.902657923525792967e+02
9.902771449056822348e+02
9.821097277569517701e+02
8.638725227633425447e+02
8.243456345018771572e+02
6.225523225600190926e+02
6.304384492071416162e+02
7.413960790712050084e+02
7.994619468242597122e+02
8.605459185135325697e+02
9.091327171544797920e+02
9.082625669400293873e+02
9.006159271329125886e+02
8.542504834663011479e+02
8.333431363068765449e+02
8.017677985742255942e+02
8.055639682878090753e+02
8.061094645255066098e+02
8.104011555112377891e+02
9.327075012042159869e+02
9.385817913469620635e+02
9.707567651964818651e+02
1.028019749976082494e+03
1.029206231806252390e+03
9.596646830013701219e+02
8.929247425300541181e+02
8.874304948031823415e+02
8.127244298237590101e+02
5.284278669238100292e+02
6.246357035689281929e+02
7.865409955391450012e+02
8.038592690106204373e+02
8.664839906512759171e+02
9.036432550944095965e+02
9.300970626985846366e+02
9.267851234907469689e+02
9.205015182937584086e+02
9.111455614370290732e+02
8.939659394021118715e+02
9.795748457742170103e+02
9.816491799274713230e+02
1.000960313580595084e+03
1.003067606765642040e+03
9.903643505406465692e+02
9.454328584863808373e+02
8.584169167106401801e+02
7.986895024635878144e+02
8.068178433686432527e+02
8.769783919582400813e+02
9.691306234503953192e+02
9.727952165968530380e+02
9.897682371664744778e+02
9.890992471639755195e+02
9.683356148224852404e+02
9.330082764578245360e+02
8.999891171437569710e+02
8.837709754699351379e+02
8.767650119039384435e+02
8.702516212652108152e+02
7.889839765350027392e+02
7.523620615977436046e+02
8.007407234114573384e+02
8.251129549921308808e+02
8.415528396689064721e+02
8.435673656984927220e+02
8.568821241019566060e+02
8.719284300963172427e+02
8.875922596929090105e+02
9.083756600078977499e+02
9.151012208515510338e+02
9.023655230089032102e+02
8.817445075287910186e+02
8.558890321347987538e+02
7.544845750393237722e+02
7.473612013427718921e+02
6.524681073196477428e+02
6.489587607645653407e+02
6.697226667021490130e+02
7.471746237463815987e+02
8.196192256147506896e+02
8.860002562179361121e+02
9.355235439164548552e+02
1.005201204320627880e+03
1.005661046158693125e+03
1.034020195258279728e+03
1.033068092865060862e+03
1.023562748144304692e+03
9.961947127093017116e+02
9.645486943038723666e+02
9.317586470692951934e+02
9.121568932585976199e+02
8.994655893166640226e+02
8.882797076892053383e+02
8.857100470171330926e+02
8.574843400272313829e+02
8.569208804739301968e+02
8.352539793443546614e+02
8.349757329748792927e+02
8.368630101450157781e+02
8.325632667608128941e+02
8.142523043031031875e+02
7.989115855598361122e+02
7.098001272893254736e+02
6.878634264852389606e+02
6.876715710843133138e+02
7.227453635674327188e+02
8.324020187672559814e+02
9.175944804059603257e+02
9.704249671136428788e+02
9.709846542494185542e+02
9.701587049173367632e+02
9.616820714301164799e+02
8.331355090834524617e+02
8.037200058608041218e+02
7.838273962305318037e+02
7.907606263740982513e+02
7.689042916275213884e+02
7.550725480192412533e+02
7.403723920107333925e+02
6.908191811329688790e+02
7.056268282541642520e+02
7.355086175557914885e+02
8.731141408175105880e+02
8.767627285320331794e+02
8.714121102676567716e+02
8.626884181047516904e+02
8.414380844558394301e+02
8.391986985462490338e+02
8.542029745111540251e+02
8.565292904706018362e+02
8.652243587791173240e+02
8.385990473394920173e+02
8.122878235288135329e+02
7.874896084692207978e+02
7.114939661251096368e+02
6.987782442732514028e+02
6.808354316617071618e+02
6.664694016246600086e+02
6.594608255800185361e+02
6.682880309973965041e+02
7.326896633112826294e+02
8.184205767023609042e+02
8.616175185700221846e+02
8.880718372345833131e+02
8.879570123994185451e+02
8.805246064352006670e+02
8.129448237495482772e+02
7.715205401832445204e+02
7.672975037187034104e+02
7.600368474728003321e+02
8.721189970159231279e+02
9.143888631574570809e+02
9.727312896722964979e+02
9.754280342725071478e+02
9.762627406153070524e+02
9.745268862805137360e+02
9.151849992634847695e+02
9.063646471555757671e+02
9.023559530791180805e+02
8.831881788693649469e+02
8.135623256092978863e+02
7.618319713154075998e+02
7.007633514572103195e+02
6.643461968127296586e+02
6.536392981887827318e+02
6.637370815100906611e+02
6.820129084479791572e+02
8.096905690840834495e+02
8.250082516795616812e+02
8.324087762579594028e+02
8.624229827161212825e+02
8.337804977296999596e+02
8.327853744090806458e+02
7.948804294051375336e+02
7.658160399958939024e+02
7.822779401614232029e+02
7.828926076217190939e+02
8.007059817673128919e+02
8.800718153992435191e+02
9.366230807340499496e+02
9.467592726577369149e+02
9.499723381399271602e+02
9.398092692772058854e+02
8.768085460230867056e+02
8.054769514233014434e+02
7.065585635105867368e+02
7.751550281142069707e+02
8.512086255192554063e+02
8.773891778814374902e+02
8.962567349755501027e+02
9.041418235063335942e+02
8.850755802903152016e+02
8.256524606800014681e+02
8.164692907655501131e+02
7.814586101771513995e+02
7.786262338439546511e+02
7.764740112814760096e+02
7.758417980742430018e+02
8.037797799608338210e+02
8.142767287499947315e+02
8.871898154594580319e+02
9.214785960475463753e+02
9.627037638439190914e+02
9.623633543313733298e+02
9.429160082200911575e+02
9.340889501621205682e+02
8.644358461314802753e+02
7.853172539986387619e+02
7.789092831906102674e+02
7.823185567124053250e+02
8.272931459788728716e+02
8.748467972804417059e+02
9.372468526480827222e+02
9.676352772931268191e+02
9.688662632751268120e+02
9.512528820389645716e+02
9.056052576602110094e+02
8.728947565304291629e+02
7.783121184061051281e+02
7.881506743388206360e+02
7.928876284632983698e+02
7.937846707888645597e+02
7.906742665591561945e+02
7.334484265658882123e+02
7.461999300312108971e+02
7.834495076668188176e+02
8.585632083105064112e+02
9.211272418407797886e+02
1.000796395936162298e+03
1.007226007677822054e+03
1.022589454041841918e+03
1.013549316020772153e+03
9.790243897647729909e+02
9.319259633958245104e+02
7.730858196653565528e+02
6.850098151984620927e+02
5.224270423764833140e+02
5.560430309243951115e+02
6.565311664772031008e+02
7.046608787839319348e+02
7.199825631789933595e+02
7.038283238569002833e+02
6.430242912466503640e+02
5.740288605068626566e+02
8.097937344848477323e+02
8.540739007521883650e+02
8.930422684078500879e+02
9.341527853349194856e+02
9.989131015104974267e+02
1.029629555009130854e+03
1.023744783133374540e+03
1.016511656030050290e+03
1.004094165824495917e+03
9.472645894093701600e+02
8.909868114210543126e+02
8.272995875186950343e+02
7.536551241213965113e+02
7.491448984565654428e+02
7.489105117147942110e+02
7.583076766355159180e+02
8.722923594052583667e+02
8.774210283155109664e+02
9.419779726116405527e+02
9.420213199592673163e+02
9.394613346730653802e+02
9.080391769361954175e+02
8.771272838182158011e+02
8.131475256624819394e+02
7.739626618244570864e+02
7.760098365969521410e+02
7.782257116868563571e+02
7.765273375379147183e+02
7.707851222511288825e+02
7.713135829044434786e+02
7.913102280899672678e+02
8.048319891119200520e+02
8.053963811586901329e+02
8.010512193585732348e+02
7.984015920745024459e+02
8.444057334338007195e+02
8.741831579226225131e+02
8.836578592646536663e+02
8.878263219742049159e+02
8.728849121972240255e+02
8.277901091590549640e+02
7.861820085482040668e+02
7.733248081377118979e+02
7.662371531373407834e+02
7.821520305718063355e+02
7.909888336539614784e+02
8.116437954548243852e+02
8.478029001678833083e+02
8.514787866934366320e+02
8.400903763623570057e+02
8.352066316859976496e+02
7.917630185089979022e+02
7.675840552538752490e+02
7.761104337311463723e+02
7.878079128779144185e+02
7.886682914583676620e+02
7.834864545211557925e+02
8.342580367496619829e+02
8.588809007581395463e+02
9.301366465006553881e+02
9.310146966229356167e+02
9.439038051703100791e+02
9.398616863446738989e+02
9.197418881206832566e+02
8.497993736026484157e+02
7.605520539042332757e+02
7.523743618326670912e+02
7.799503864059136049e+02
8.068167096665808913e+02
8.538937966050904151e+02
8.611480304825954590e+02
9.331065838952736158e+02
9.413846216638074793e+02
9.516740486218295700e+02
9.526203491802343706e+02
9.193433666501866810e+02
9.107311191468681955e+02
8.889061159753880474e+02
8.337770481634906901e+02
8.319675380710641548e+02
8.297368599785386323e+02
8.243526540002494585e+02
8.159923949429248751e+02
8.110699051887426094e+02
7.922778107824267408e+02
7.802476685101726162e+02
7.768794922987776772e+02
7.202594580528625556e+02
7.155851231930134873e+02
6.914171480869308652e+02
8.727367836965960350e+02
9.121888552499297020e+02
9.273084079982779713e+02
9.698134189828131184e+02
9.832936739407789446e+02
9.857565847066621245e+02
9.698182384906376683e+02
9.657444277480149140e+02
9.641733828283271350e+02
9.587225951828202142e+02
9.489162744173939927e+02
9.273314887183080373e+02
9.040349600750616901e+02
9.031185060135758249e+02
8.601851036760518809e+02
8.600178656130990476e+02
8.304167423604283158e+02
8.434525862954205877e+02
9.383906195088520690e+02
9.469594638209621280e+02
9.555767388364399721e+02
9.514596006047711398e+02
9.096835064429565136e+02
8.304019362568334373e+02
7.326363605270953485e+02
6.963958935587572796e+02
7.808167585012849941e+02
7.821264685352730339e+02
8.421401585379453536e+02
8.548208637716522844e+02
8.285998724563535234e+02
8.223305519975474454e+02
7.154012154801398538e+02
6.156937401532653666e+02
5.371538141288669976e+02
7.011168616282534458e+02
7.582030808448765811e+02
7.808553605331430845e+02
8.277558413959154677e+02
8.727671234161550728e+02
8.943700084248769144e+02
9.063246286068902009e+02
9.188789612556902284e+02
9.339654323993967182e+02
9.995653647426722728e+02
1.022226198022028939e+03
1.036019997401456521e+03
1.046428682066278725e+03
1.037373513069610453e+03
9.711807600859619924e+02
9.316104000101375959e+02
9.128672382383601871e+02
7.051832566881563480e+02
6.566083099048678378e+02
6.565603102607472010e+02
8.032846576338820341e+02
8.065178274794204754e+02
9.138951208018113448e+02
9.302023189436217763e+02
9.305428098298276609e+02
9.011206650404358243e+02
8.274051520134968314e+02
8.063192050867023681e+02
8.364329595330914344e+02
9.157541778478390597e+02
9.286656877388503517e+02
9.376926374791615899e+02
9.395877717314822348e+02
9.122656357516437993e+02
8.402954673213743035e+02
8.257416385965562995e+02
8.153630548659532451e+02
7.614028551042584922e+02
7.364746927002679513e+02
6.515329313622673908e+02
6.366815581834690647e+02
6.062602214871014894e+02
7.606506938466250176e+02
7.728397824563842278e+02
9.169650548528720719e+02
1.007351757935327214e+03
1.058260323090239808e+03
1.059933810985276750e+03
1.058575658927819404e+03
1.026508603313113326e+03
9.655114044340023156e+02
8.861207260739292906e+02
7.744016332813783947e+02
7.632290453383556041e+02
8.059880818461144827e+02
8.391113589202410594e+02
8.336028678135592145e+02
8.332593332004583999e+02
8.108159377915679897e+02
7.406078231461972337e+02
7.611032965459114621e+02
7.728853111595494738e+02
8.055813286621689713e+02
8.007859374825803798e+02
7.862980184905570695e+02
7.617184768606998659e+02
7.366154265114831787e+02
7.360247558063704219e+02
7.169968842184649702e+02
6.682388881936568623e+02
6.698809067075842449e+02
7.291825354187666335e+02
7.401494226356949184e+02
7.871484127672217710e+02
8.025278670704869910e+02
8.117130010927032799e+02
8.118736088888006179e+02
7.996392149446315898e+02
7.773561851381807628e+02
7.398000467895419661e+02
6.280612966153405523e+02
6.015642213608529119e+02
6.084430010226666354e+02
6.941439097598120043e+02
8.405792313858033822e+02
8.887009726854797691e+02
9.052649382868228258e+02
9.469844055362680137e+02
9.746566327573920034e+02
9.753482391813404320e+02
9.690325772045249551e+02
9.572332632671733563e+02
9.339017744884033618e+02
9.028714060619076918e+02
8.723647205904984503e+02
8.661365232122311681e+02
8.472308725159678033e+02
8.250771564342162492e+02
8.045189538268514298e+02
8.166343788672802475e+02
8.519295742206456907e+02
8.635093174667108542e+02
8.985125574553790102e+02
9.032968206078890034e+02
8.784945892085499963e+02
8.711610770207699943e+02
7.918457356070790638e+02
6.858821280096199189e+02
6.165211525419276768e+02
6.472105119306474990e+02
7.596303987799137758e+02
7.880240742336288804e+02
8.524216566498270140e+02
8.737820948390036619e+02
8.741751154642718120e+02
8.716360952231141255e+02
8.841334122473921298e+02
9.080961616176366533e+02
9.091219146629218812e+02
9.257788100718066744e+02
9.194890660212815874e+02
8.944460838246031926e+02
8.525051864045519778e+02
7.674824574991323516e+02
7.420504364313285350e+02
7.597148570957243692e+02
7.862996066572816289e+02
7.938746267909750713e+02
7.957613023087087640e+02
7.845968533412012675e+02
7.798767026135217293e+02
7.692616571352032224e+02
7.624818324015794815e+02
7.493664355048877042e+02
7.256721204412667703e+02
7.008903230970905724e+02
6.989588626505402544e+02
7.924741936547547994e+02
8.980985991719898038e+02
9.356224656468978083e+02
9.632775698237126107e+02
9.976921344361012416e+02
9.926127416180594309e+02
9.521540068063522995e+02
9.397796988661750675e+02
8.700160715201951689e+02
7.660557243601907658e+02
7.622494034183948770e+02
7.061652162921518538e+02
6.238566379439400862e+02
6.021549459798566204e+02
8.267002382551177107e+02
8.322862045066272003e+02
8.417857394577174546e+02
8.615998960791102945e+02
8.589369366949688356e+02
7.650271324630547269e+02
7.398676105841456092e+02
7.366933192055045083e+02
7.668121782362468366e+02
8.010554575014197098e+02
8.321392763527495617e+02
8.264119519682960799e+02
7.785641657160890645e+02
7.485493478367073976e+02
7.016473669989107975e+02
5.424539627026780408e+02
5.774541648202298347e+02
6.106893861169155571e+02
6.944184460803162438e+02
7.087347376904012890e+02
7.206385808248890044e+02
7.114110851473179764e+02
7.022226682447193298e+02
7.154237132892652653e+02
7.871340272145581594e+02
8.179043739587826849e+02
9.019983241920618866e+02
9.318219893680765153e+02
9.456241177585666264e+02
9.234957820914034983e+02
9.205793044807511478e+02
8.313825152395065743e+02
7.602894172616448714e+02
6.597315711952405763e+02
7.717192278908404433e+02
9.031165740040013361e+02
9.927003852143801623e+02
9.929391464829835741e+02
1.012315395667819075e+03
1.062138677461184898e+03
1.024818376711425117e+03
1.021514090057510771e+03
9.636216408781845075e+02
9.526647404267646380e+02
7.826953929837040960e+02
7.443049205296830451e+02
7.287823167831564888e+02
6.925137336961747678e+02
6.486036462970369030e+02
6.407511261111835665e+02
7.067870860854475268e+02
7.412055584708590459e+02
7.700956846143825487e+02
8.190142098746232477e+02
8.236352957477668042e+02
8.085639282673655543e+02
8.048972727457019118e+02
8.020440100602452276e+02
7.381766993014038007e+02
8.010259175123633213e+02
8.845866357682997432e+02
9.437199945204749838e+02
9.869631113631824064e+02
1.006717037840218381e+03
1.010353663545756376e+03
1.006041740712953697e+03
9.843138914428147928e+02
9.620355223670983378e+02
8.362285500963284903e+02
8.024055129453004156e+02
7.704418736587226704e+02
7.661574021341293701e+02
7.410105057942790836e+02
7.184570754340677468e+02
6.814947255618446889e+02
6.786417327630625778e+02
6.356092704733591745e+02
6.219794064612906368e+02
6.401157284422208704e+02
6.422530364466717856e+02
6.348951973986448820e+02
6.074795595637486940e+02
5.894514594891842307e+02
5.737711580154405056e+02
6.582133979032412299e+02
7.384691343840663649e+02
7.508434071229839901e+02
7.889515718411694252e+02
7.810784157286307163e+02
7.704873435926726870e+02
7.838083164581246365e+02
9.284279192596836765e+02
9.525839669289401854e+02
9.571768579177930860e+02
9.642335778682398768e+02
9.632569156625395408e+02
8.851626219933365292e+02
7.869499235878893160e+02
7.298628615602519858e+02
7.257200553431048320e+02
7.527047965622258516e+02
8.140456324721567398e+02
8.542225621694678921e+02
8.638179735364708449e+02
8.539307229034548072e+02
8.491933606619209058e+02
8.075053737467799237e+02
8.888006982994249938e+02
9.511094677179971768e+02
1.012958663370993690e+03
1.024813464890098885e+03
1.047866038516981916e+03
1.053626678424561760e+03
1.004027781025813624e+03
9.809512217067838264e+02
8.778906084540957409e+02
8.666366317311443481e+02
7.224828478593600494e+02
7.552382672258022467e+02
7.762835895889210178e+02
8.016656066639229721e+02
8.236157345182914469e+02
7.683388513523952952e+02
7.671617156626142560e+02
6.562421820698170905e+02
7.829786133941418029e+02
8.549653041565203466e+02
9.489488475681062027e+02
9.730576783580158917e+02
1.023454446990525867e+03
1.040717011072321384e+03
1.038360842679427833e+03
1.033333166821272471e+03
9.923800141932410952e+02
9.694888192962371249e+02
9.550292050721670876e+02
9.539908281735216633e+02
9.528224377385323578e+02
9.458520984209591234e+02
9.285586334884307007e+02
9.164914427181040537e+02
8.685375596395180082e+02
8.435748480242965570e+02
7.951290237069825935e+02
7.802439599196568452e+02
6.582503895534698586e+02
6.923650258343850510e+02
7.533827787396506892e+02
7.784531638034933394e+02
8.082419441486038068e+02
9.228587839055722952e+02
9.358742785434305915e+02
9.487712638693523104e+02
9.421192142425445581e+02
9.033739178568716852e+02
8.391336438073785757e+02
7.164731161021251182e+02
5.962658240572648083e+02
6.882106607071974622e+02
7.392020752532124561e+02
7.746922368880111662e+02
8.314590514700704489e+02
8.259625298162739000e+02
8.081835232305231784e+02
7.953813249486115637e+02
7.259758447380612552e+02
7.344190064980800798e+02
7.426644388048227938e+02
8.278551356491119577e+02
8.559906570318687500e+02
8.983789239707916749e+02
9.328689620101724813e+02
9.355191918622313096e+02
9.275614386278853090e+02
9.156768459491927388e+02
8.610959468065404963e+02
8.430278560952313001e+02
8.044633801972688616e+02
8.005776862231573432e+02
7.503522241928844778e+02
7.441114826521916257e+02
8.304017599159036536e+02
8.687752891096165513e+02
8.760041343955017510e+02
8.877679418990683189e+02
8.859329448738048995e+02
8.341555397539318619e+02
7.946831203446256495e+02
7.945134593053512617e+02
7.388249439765029365e+02
6.949996974771345322e+02
6.496493239986891695e+02
5.238238559732167232e+02
5.844674788353036092e+02
7.240933754772568136e+02
7.737211369593164818e+02
8.697238930344659593e+02
8.977272372717823146e+02
9.006304457468324927e+02
9.007561357874864143e+02
8.947137587314139182e+02
9.170546933583425471e+02
9.368984398675272587e+02
9.776449925932740825e+02
9.796023879050662799e+02
9.795935209849974399e+02
9.300380708542165848e+02
9.041476262965098840e+02
8.328907308701490138e+02
7.731099716803933006e+02
7.731988443045870554e+02
8.053218683253035124e+02
8.781360346069012621e+02
8.918650296266855548e+02
9.400381332957830409e+02
9.885153313522207554e+02
9.971664828809149412e+02
9.993024780317243767e+02
9.925470966463931290e+02
9.313124839002775843e+02
9.127699985102120763e+02
8.441341463849909132e+02
7.448937398245833492e+02
6.061779480226585974e+02
5.687009905534846439e+02
5.913898910260421644e+02
7.550754369050584955e+02
7.649659983327819646e+02
7.919453639201175292e+02
8.195201481347014578e+02
8.386490215389464993e+02
8.902586451248635058e+02
9.137010509116792036e+02
9.310869804660469526e+02
9.312806973008368914e+02
9.234178931913008910e+02
9.123022681371672888e+02
8.728994213245530318e+02
8.892665513673828173e+02
9.007563351399062412e+02
9.050893409485109942e+02
9.036975634195323437e+02
8.734733791719444298e+02
8.669673645504373098e+02
8.196639021022949692e+02
8.216354254218981623e+02
8.458255186669830437e+02
9.510541221009284527e+02
9.601377633807841221e+02
9.751311771478815444e+02
9.767827055796826698e+02
9.492481520042388183e+02
9.315770308311304007e+02
8.691868551607126392e+02
8.427700526491869368e+02
7.965969148045687689e+02
7.717998569923283867e+02
7.609686645577739910e+02
6.924908457916277484e+02
6.712060006595207824e+02
6.178633924553299721e+02
6.166206227297692521e+02
7.897180969154217109e+02
8.702419683072082535e+02
9.047477463047245010e+02
9.168739440991455467e+02
9.198856211218186445e+02
8.935151850576013430e+02
8.202563977625251255e+02
8.006678138020541837e+02
8.140049429028474606e+02
8.315078090368515404e+02
8.332488405293987626e+02
8.090365007084078570e+02
7.813824503368319938e+02
6.596640846537943617e+02
6.427576877969981979e+02
5.442173053059580070e+02
5.490823959793342510e+02
6.022361441217949505e+02
6.034120293848200163e+02
7.179052489195481712e+02
7.735974327351157172e+02
7.909764775709921878e+02
8.260894798202979246e+02
9.391441798475603946e+02
9.527892303163728229e+02
9.598299693388761398e+02
9.341193837355539245e+02
9.164657860091231214e+02
8.904684179723101352e+02
7.124679307484663013e+02
7.053762807118656610e+02
7.546241600748505789e+02
7.755354575985833208e+02
7.778768881322382640e+02
7.231546444057116787e+02
6.713378746708592644e+02
6.557390450933917236e+02
5.620881937471153833e+02
5.677426110593507929e+02
6.075205724042808697e+02
6.101825411603069824e+02
7.306406836183816722e+02
7.835061613050847882e+02
8.077679968773120436e+02
8.827228294502986046e+02
8.958364832982814505e+02
8.920975949048934126e+02
8.661931632721307324e+02
8.352107353122102040e+02
7.006768350495799496e+02
6.848378321872630750e+02
6.642395310741273988e+02
6.694042876408151415e+02
6.810073926328277594e+02
7.481874714803202551e+02
7.649523284589961349e+02
8.571442781773073420e+02
8.665537176099683165e+02
8.876834106150751040e+02
8.891751999022908421e+02
8.753979833504604358e+02
8.323809525679264425e+02
8.099543681277089036e+02
7.757067976743780946e+02
7.416290697594804442e+02
7.611144822361637807e+02
8.096767318651557162e+02
8.122995517127719722e+02
8.104574730835654464e+02
7.849339310122251163e+02
7.281985323741446336e+02
7.214230060593288272e+02
7.327087346437992892e+02
7.325320729121216345e+02
7.260324715219276186e+02
6.954944962608690275e+02
7.246651614357417657e+02
8.083723391856717626e+02
8.092815003899505655e+02
8.279444778680101535e+02
8.972463583258618200e+02
8.937785023258738875e+02
8.818192116918446573e+02
8.723268827752455081e+02
8.286744529516420243e+02
7.659237676775260297e+02
7.999685001853421227e+02
8.030603286606648226e+02
8.648214617542701035e+02
8.682299965980605521e+02
8.672122114435466074e+02
8.370390032423686080e+02
7.975679667844865435e+02
7.627764654303000498e+02
7.184238595026112080e+02
6.351370634569098002e+02
6.214704927856937502e+02
7.144706504282562491e+02
7.466899911656566928e+02
7.614538739876431919e+02
7.827960009647260904e+02
7.728866612818176236e+02
7.594147990116302935e+02
7.489215509409470997e+02
7.307123544208316162e+02
7.209644639673647362e+02
7.067759743449882990e+02
7.051277260892989034e+02
7.322751401736903745e+02
7.355425002344564973e+02
7.614455263627936574e+02
7.549481522093433341e+02
7.520204187498034116e+02
7.140015489658994738e+02
7.041774443887957204e+02
8.181344488594511404e+02
8.260990248641356857e+02
8.313361573262254751e+02
8.423687841452976954e+02
8.805974458031364520e+02
8.998304182891100709e+02
9.432841376495744043e+02
9.863511455336748668e+02
1.000937914128938701e+03
9.960720550911770488e+02
9.701253244980161980e+02
9.204327936941741655e+02
8.395373408698644653e+02
7.456834561688558551e+02
7.312510544146289249e+02
7.491128153288201474e+02
7.830689231928240588e+02
7.550343523439858018e+02
7.502840681907910039e+02
6.755694521459045063e+02
6.448950233490761548e+02
6.692549767720532827e+02
8.744778386720502112e+02
8.997342901492075953e+02
9.161948812789810290e+02
9.252063588135456484e+02
8.796597295749509158e+02
8.545767251743268389e+02
7.788191112664148932e+02
7.468430966644735918e+02
7.893142830609170915e+02
8.714466031208457935e+02
8.909777905720746958e+02
9.107313007542378500e+02
9.108607194541185663e+02
8.888909806393497774e+02
8.124851705793287238e+02
7.755092402473322863e+02
7.647965575915037562e+02
7.395637422998528336e+02
7.646216866402869528e+02
8.107442682507041809e+02
8.394017522415548456e+02
8.588652587978775728e+02
8.575376183862052812e+02
8.517423268277765374e+02
7.917237220950114533e+02
7.860335688731641994e+02
6.221333200334498770e+02
6.066224527126955763e+02
7.329332163271333229e+02
7.743998804441132506e+02
8.378116732661139849e+02
8.428737589876914171e+02
8.406753128614207071e+02
7.869565177449242128e+02
7.595388155201176232e+02
8.049892063652999923e+02
8.433126357671969799e+02
8.601292948255127158e+02
8.842327529216937592e+02
8.808489764928325485e+02
8.411342199538917157e+02
7.881719458496963853e+02
7.689261249787482484e+02
7.296119982369068566e+02
7.796193597088973775e+02
8.188586449010208526e+02
8.722011016068425988e+02
8.925617210794054017e+02
9.049253121724565290e+02
9.002552973669257881e+02
8.923048483576984609e+02
8.505192757625857212e+02
8.454941357356669869e+02
8.216855808129070056e+02
8.047884600200112573e+02
7.366703804202642232e+02
7.006911289355190320e+02
6.833651567337847155e+02
7.628901819687678199e+02
8.011369320099115612e+02
8.712398551561426530e+02
8.720583744482128168e+02
8.785147767925961944e+02
8.531020964298604667e+02
8.140105712993405405e+02
7.873758101463215553e+02
7.819478726605312886e+02
7.218106357632866548e+02
7.018436020521571663e+02
6.724593878466830574e+02
6.340360465064745767e+02
6.525113482975036732e+02
6.682969726124648560e+02
7.640316555180784235e+02
7.886882803093933489e+02
7.984458175786196534e+02
8.146280019356113371e+02
8.131019287621886633e+02
8.093802249702033578e+02
8.221109671334982067e+02
8.289172054590301286e+02
8.297865469974929056e+02
8.100789480304380277e+02
8.077658820064434622e+02
7.600958443082513440e+02
7.329434257223419991e+02
7.263532303388581113e+02
6.988560450687581351e+02
6.197942170845633427e+02
5.810499463422584085e+02
6.003562789315162718e+02
6.089604185102447218e+02
7.480597939908673197e+02
7.594679260273341015e+02
8.119539202999435474e+02
8.299279882027489066e+02
8.037264628650667646e+02
8.006408520545894589e+02
7.080482885315974499e+02
6.697056925430520096e+02
6.108198854992356246e+02
6.280041119244904166e+02
6.911177612425516372e+02
7.145535330605175659e+02
7.877362844344336281e+02
7.988768398040022021e+02
8.026758839225551583e+02
7.736116596783670047e+02
7.225996995425163050e+02
6.669083150828806765e+02
6.150657802356936372e+02
7.063088637271458765e+02
7.214790167387438942e+02
7.509412891910873213e+02
7.504972921827023811e+02
7.124851039957106877e+02
7.062054175700034193e+02
7.326031645718695700e+02
7.491478402035917270e+02
7.657371378238055968e+02
7.600735281030235910e+02
7.473200926849117423e+02
7.323530555043590766e+02
7.604447540800028946e+02
7.617925806325813483e+02
7.520344784950173107e+02
7.138355757748678343e+02
6.717689620086891864e+02
6.835238426581754538e+02
7.484854088224187763e+02
8.075724733288063817e+02
8.330661595867175038e+02
8.734461321650704804e+02
8.735786378107679866e+02
8.360886257621995128e+02
8.190586711619110929e+02
7.753202378038807865e+02
6.925085975522335957e+02
6.525758892834628568e+02
6.779926559481696131e+02
7.212834365103642540e+02
7.316874092807132683e+02
7.507976076397978886e+02
7.772838569383450249e+02
7.800489250726377577e+02
8.047597042442837392e+02
8.120369448029771320e+02
8.355836182501764142e+02
8.376904035422327297e+02
8.381442583629566343e+02
8.362581572363251325e+02
8.453099816360528393e+02
8.489788580940758038e+02
8.574192764210027917e+02
8.595374346399318028e+02
8.329340754038175874e+02
8.077690270403122668e+02
7.919826472621959965e+02
6.783819207412780088e+02
6.694689616925595601e+02
6.689274676053543089e+02
7.028959819558268691e+02
7.482467242092250217e+02
7.518648707296648581e+02
7.499833408038516609e+02
7.269829964710291961e+02
7.290891732068710098e+02
7.512059451431068737e+02
7.658479805606170885e+02
7.662792730297101116e+02
8.199064907984900401e+02
8.836739859734351512e+02
9.243898113117452340e+02
9.982070219384787606e+02
1.006587961593791306e+03
9.999243425184265561e+02
9.892097519400892907e+02
9.374995636241154671e+02
8.615069577332466224e+02
7.955889028444634050e+02
7.967084024999105623e+02
7.972497533924420168e+02
7.880101594629584270e+02
7.570922010928698000e+02
7.556767913634853358e+02
7.309652870354575498e+02
7.278206712776651557e+02
7.132884592953885203e+02
6.775039129215576850e+02
6.029859385575193755e+02
5.975183261705624318e+02
6.151365104372518999e+02
7.184154743265605703e+02
7.567202627882049910e+02
8.015302532695229729e+02
8.001818574465391976e+02
7.951672797377498227e+02
7.400040715292614095e+02
7.402248098716816003e+02
8.476427535326698717e+02
8.578751403151302384e+02
8.676096332826214166e+02
8.985059005943699049e+02
8.896799699909443007e+02
8.234464679533592744e+02
7.764756361529880451e+02
7.020940076313318059e+02
5.600295365128954472e+02
5.767753325446840336e+02
6.502219956652093060e+02
6.886094653459992969e+02
6.978103139686788836e+02
7.368302187958346394e+02
7.584782225818930783e+02
7.884208004017767735e+02
8.067736508767310397e+02
8.123063212311999450e+02
8.197999473149850473e+02
8.098162401452019594e+02
8.013522727407523689e+02
7.837639837467281723e+02
7.121380179617376598e+02
5.588948733707075007e+02
4.804176757952875505e+02
6.563044681041169497e+02
6.903767725175148371e+02
7.875969966655518419e+02
8.368919638231305953e+02
8.356029360397410528e+02
8.050570700569824112e+02
7.541294490358280882e+02
6.372000848711219305e+02
6.075956644689792938e+02
7.533011284663673450e+02
7.869869304766802998e+02
8.550143318360877629e+02
8.686495951109872067e+02
8.623096854587435018e+02
8.359132755020909826e+02
7.293825192197060687e+02
7.256103828228881412e+02
6.394588460028168129e+02
6.593611737777392818e+02
6.595974364491892175e+02
6.586649018390320407e+02
7.063105258653515648e+02
8.436204238850090178e+02
8.470503586601577126e+02
8.747718887095090849e+02
8.894074764468635976e+02
8.673025162228107092e+02
8.250722304654705113e+02
8.011739458099964395e+02
7.448360154665235768e+02
7.162247989980555758e+02
6.638473981483342641e+02
5.763217622042828907e+02
4.660182055833221852e+02
4.680584740730535032e+02
4.720071552040516281e+02
5.341614744534355168e+02
7.549233353636408310e+02
8.092131409089287217e+02
8.157919920766021278e+02
8.566911479142773942e+02
8.477995266764559119e+02
8.252468321414011143e+02
7.664475592445628536e+02
7.531310241705183444e+02
7.389505713893552183e+02
7.210035549611823171e+02
7.340822153259656488e+02
7.506198206163620625e+02
7.414783362163585707e+02
7.243796383455970727e+02
7.130214242028057470e+02
7.384975239998950656e+02
7.821942394888108083e+02
7.964572618119168510e+02
7.980786378785387569e+02
7.807916716464492310e+02
7.051135273944476012e+02
7.025741872887956561e+02
6.993000710244393758e+02
6.714466688059344506e+02
6.520271799908521189e+02
5.039158191991257354e+02
6.356778580408706603e+02
8.159004487256650009e+02
8.674398604583866472e+02
8.966365845595377095e+02
9.273433899168410335e+02
9.406334210082441132e+02
9.159141185949625878e+02
8.962897509616468597e+02
8.394621927712032630e+02
7.943237565815805965e+02
7.118191989621569746e+02
6.019394586521775636e+02
5.905402335585497440e+02
6.739426952379518525e+02
7.083553373468896552e+02
7.319897509059687764e+02
7.524760070587151404e+02
8.309431337304843055e+02
8.316592404549514868e+02
8.342779038848599384e+02
8.202818363487795068e+02
7.669787010750196714e+02
7.215205200990312733e+02
7.706514366729259109e+02
8.741554411167112448e+02
8.827950513209577821e+02
9.271720189736843167e+02
9.297105830299328773e+02
9.288894869286718858e+02
9.044031926953919083e+02
9.007333518974405706e+02
9.005539844272149139e+02
8.900803549972765722e+02
8.466510721545662363e+02
8.284514590720534670e+02
7.417958870101549564e+02
6.840093744137501517e+02
7.033269053720784996e+02
7.597057742757810956e+02
7.805467095783100149e+02
7.814754168421866325e+02
7.732470522954085936e+02
7.673223414681039003e+02
7.646069143886065831e+02
7.681660737689937832e+02
7.972825952731773214e+02
8.035451537144233498e+02
8.040579992657163757e+02
7.852350876303048608e+02
7.520549734912098074e+02
7.247174097611745083e+02
6.337990815540422318e+02
6.025715699057459460e+02
7.795287275515415786e+02
7.835416796693909873e+02
8.418909907244224087e+02
8.787986207616402226e+02
9.337834673659724558e+02
9.342794874763723101e+02
8.936777976720011338e+02
8.707443471379503990e+02
8.172248029112053018e+02
7.476481952274327796e+02
5.526533021752766217e+02
5.911539032155344557e+02
6.694082500134957172e+02
7.511629339305338817e+02
7.704704708833492077e+02
7.899110843935717412e+02
7.591723853241167035e+02
7.583564383405889657e+02
7.158548385050103207e+02
5.924862716500763327e+02
5.798659319618360541e+02
6.367461373980665940e+02
6.986674194817106809e+02
7.201741387343060978e+02
7.202736941046608763e+02
6.791180590685346488e+02
6.223857616360171505e+02
5.545657882844993765e+02
6.207595511238487234e+02
6.739487452048360865e+02
7.208696971860315443e+02
7.306753976285469889e+02
7.670192979835476308e+02
9.146756852285762989e+02
1.014758698006603140e+03
1.021132290528708381e+03
1.035206815350906709e+03
1.026442949936339346e+03
1.015808131184642093e+03
9.479882463671086725e+02
7.888133090249740462e+02
6.710858226702027878e+02
6.707315078924352747e+02
6.888129626049260423e+02
7.516804906311208470e+02
7.625325723741626689e+02
7.641631575805450893e+02
7.549441223368523879e+02
7.604113292095315728e+02
8.278964218952426108e+02
8.331416546956420461e+02
8.184234276331594629e+02
7.918150640713112125e+02
7.806677806472483780e+02
5.674279741311967200e+02
5.670734332637478019e+02
5.468968727713601083e+02
5.143296041897820032e+02
6.994087873492551353e+02
7.359352311338975596e+02
7.403908130180961962e+02
7.877782412129295153e+02
8.277683271739909969e+02
8.483523015379789740e+02
8.509461301405019640e+02
8.532139855576428999e+02
8.482749648788959576e+02
8.183667835990052026e+02
7.951191099065895287e+02
7.825702368504560127e+02
7.620014058158890293e+02
7.257100665753526982e+02
7.303818813833132708e+02
7.381914523693980072e+02
7.586385315966625740e+02
8.117532487010100795e+02
8.191144347371016465e+02
8.193178156523057396e+02
8.161945448131127705e+02
7.590449592088066311e+02
7.413814804712213800e+02
7.328956723195899485e+02
7.371573610474392808e+02
7.458401646257092352e+02
7.422863094552848224e+02
7.305470112234295357e+02
7.080228213121461067e+02
6.564346120197747041e+02
6.584616571635691571e+02
6.798880553463017122e+02
7.015065929093074146e+02
6.974928194089920908e+02
6.962870548051466812e+02
6.062572042432773287e+02
5.964795398774530213e+02
6.122376406947723808e+02
6.292818774548807141e+02
6.961125746686425373e+02
7.152692707993201111e+02
7.320803133304399353e+02
7.551480173831992033e+02
7.542430581451204716e+02
7.535010306568814258e+02
7.975495566659208180e+02
8.107695047288052592e+02
8.147961836232324231e+02
8.074354372712668919e+02
7.393580267598824776e+02
6.591386780725338213e+02
4.670928905056575786e+02
6.403549392081242786e+02
6.920084521643261724e+02
7.372322687013921723e+02
7.385688649782911170e+02
7.035478498021510632e+02
6.188508415272804086e+02
5.944301757849486876e+02
5.858497022698047658e+02
6.168222514110811971e+02
6.372091966673665411e+02
6.718476630814561759e+02
7.460779349990200444e+02
7.601093616648008719e+02
7.844151825669846403e+02
8.038949900985728618e+02
8.098316165153705697e+02
8.687843589556746338e+02
8.857554476531688579e+02
9.214297321555111466e+02
9.243956608784635591e+02
9.151167628660596165e+02
8.905171102502355325e+02
7.873147270808775602e+02
7.314576983816659776e+02
7.081786035787265519e+02
7.603923744418411843e+02
8.134653118899580022e+02
8.432808394762547550e+02
8.508533486555433001e+02
8.428640064705157329e+02
8.024834617241648402e+02
7.380159393961605474e+02
7.291106508810983087e+02
7.304497919924058351e+02
7.576472931457333289e+02
7.555531444421476408e+02
7.321642704636581129e+02
6.418424386051627835e+02
6.053633592247244906e+02
3.466562736752267710e+02
5.176234720861449432e+02
6.332914483785524453e+02
6.544646153402741220e+02
7.337227831339539534e+02
7.538781736945749117e+02
7.689258752254095270e+02
7.701368622950709550e+02
7.566841120726035115e+02
7.423187435519890869e+02
6.976026930484994182e+02
6.878209249554083726e+02
6.466558671307570876e+02
6.766586106174571569e+02
7.117387215252515489e+02
8.251897969687847763e+02
8.650935190180595100e+02
8.682723814135284783e+02
8.694268764643875329e+02
8.099855796341348650e+02
7.861395959167839464e+02
7.202914868152580539e+02
6.829151808704956466e+02
6.815865081316214855e+02
6.102186880238290314e+02
5.995069800094677248e+02
6.815740010900726702e+02
7.153926097158425819e+02
7.324236275877083244e+02
7.330321795550503339e+02
6.425542743594072590e+02
6.414555105329095568e+02
5.849984591011128714e+02
5.926177472229218210e+02
6.056144357168681154e+02
6.488564318934095354e+02
6.710645096935720630e+02
7.213128997470905688e+02
7.293565057595569670e+02
7.338411125612220758e+02
7.307985043219467798e+02
7.295394821601005333e+02
7.045437934942242464e+02
6.311228697539041832e+02
6.107010669861967926e+02
6.892924868657336219e+02
7.049340104548944055e+02
7.596661158961346700e+02
7.920219126507356577e+02
7.939548555489875525e+02
7.775413850107847793e+02
7.586686955799835914e+02
7.233062237106364591e+02
6.522494968894236536e+02
6.393639027178082870e+02
5.690242583197671138e+02
5.716967373768507059e+02
7.480176195301456801e+02
8.215762516352389184e+02
8.480455491410797322e+02
8.991750584234249573e+02
8.991853149490287933e+02
8.900906356087521090e+02
8.765064477583114240e+02
8.875372447171384920e+02
8.884077872291416043e+02
8.868256876384820089e+02
8.537136526956987836e+02
8.439350352440650340e+02
7.545022202541136949e+02
7.330252138396574537e+02
6.996863620231192726e+02
6.661671099719668518e+02
6.260232155956535962e+02
5.944531644889796098e+02
5.513297523880046356e+02
5.817633389358771865e+02
7.169756450568839909e+02
7.223486868986149148e+02
7.247537145359270880e+02
7.171388783835789127e+02
6.432714864926447262e+02
6.486115506331379947e+02
6.494923977894391101e+02
6.910240145289615157e+02
6.943198810019032408e+02
7.156552678772701483e+02
7.511745967960907819e+02
7.548890935237609483e+02
7.639380102824246705e+02
7.920475022544105741e+02
8.000366310500496638e+02
7.962230956153608759e+02
7.852350778237935174e+02
7.486039761779987884e+02
6.761056612642269101e+02
6.737867106130806860e+02
6.299190380594409362e+02
6.268425454921060691e+02
5.999496651154556730e+02
6.304167043690840728e+02
6.722574234174130652e+02
6.948618620235564549e+02
6.948639044928324893e+02
6.880435380278686353e+02
7.391490123987871357e+02
7.501465622441559162e+02
7.606522511723273965e+02
7.600484521568606624e+02
7.216369501646488516e+02
7.180841195620582766e+02
7.460904553462846707e+02
7.900795293734504412e+02
7.995086865346629565e+02
8.474013744516785209e+02
8.486936359874924847e+02
8.295019134230240070e+02
8.289172522477754228e+02
7.774428949794997834e+02
6.983834048279126137e+02
5.708163855753737153e+02
5.634848310946874790e+02
6.807706778043202576e+02
6.919742081495029424e+02
8.007062402231707665e+02
8.073165791047179027e+02
8.115117014979039141e+02
7.746471572330267463e+02
7.602339969680937202e+02
7.508994978412528098e+02
7.539029749461691381e+02
7.810716283213016595e+02
7.763140018620885030e+02
7.672125590359610214e+02
6.615405052460962452e+02
5.463636348029810961e+02
5.049112418005695417e+02
6.131292428817216660e+02
6.603334957059460066e+02
6.727486124903840619e+02
6.296994686953501059e+02
6.222082553049469880e+02
5.546592667959889695e+02
5.721398647138137221e+02
6.407907796375228600e+02
6.524798513862834852e+02
6.624419636932167350e+02
6.605881623877938864e+02
6.658320896844892332e+02
7.369540104305673367e+02
8.094800302663971934e+02
8.304444398671366798e+02
8.444656372533713693e+02
8.327895656375314957e+02
7.670726798950094008e+02
7.112104834707348573e+02
6.169100281568023547e+02
6.394983483061578227e+02
7.264211008936373446e+02
7.363029470202350240e+02
7.367699507002935206e+02
7.268830089622059631e+02
7.082338263523229216e+02
7.151743873443896291e+02
7.306684945043870130e+02
7.319264758802027018e+02
6.944964340011101740e+02
6.821400470148013255e+02
6.501218686149481982e+02
6.519391331569100885e+02
6.450664758281163813e+02
6.231239154341512858e+02
5.587702655436078203e+02
6.235006166654393382e+02
7.218556685503625658e+02
7.260979855112625501e+02
7.383545457597266477e+02
7.048220949470469350e+02
6.266769949247391196e+02
6.185666653945561393e+02
6.279664633010498846e+02
7.061450073270461871e+02
7.111551061322431906e+02
7.240451174464304813e+02
6.999740411914141305e+02
6.527700647934879044e+02
6.189149980517722724e+02
5.451032686712092072e+02
6.636544301317376267e+02
7.178364066765143434e+02
7.647871748614829812e+02
7.670445259989357965e+02
7.591103775579967987e+02
7.321805003928659517e+02
7.276479726450163525e+02
7.244906226107771090e+02
7.119049436018674442e+02
7.073477580129477928e+02
7.119915305846027422e+02
7.417393416995842017e+02
7.575224423638850340e+02
7.577727645159804979e+02
7.348083221050885641e+02
6.760225110070819028e+02
6.237960024761923705e+02
5.346008382650275053e+02
4.950326383748349599e+02
6.296052508779243908e+02
6.716166440280258030e+02
6.866454148379937124e+02
6.995588277047659176e+02
6.718615347135312277e+02
6.672696480286651877e+02
6.530249214876727137e+02
6.434056379701544301e+02
6.446291805925486642e+02
6.417697148204580344e+02
6.323722784070372427e+02
7.236002396887937493e+02
7.480557873837517491e+02
8.889769909995329726e+02
9.127522906639634357e+02
9.129736372442257561e+02
9.094349930457872233e+02
8.633720662809651003e+02
7.539732419723422936e+02
6.643107130021439843e+02
6.407376255597851014e+02
5.510386749216336284e+02
4.543679585059426245e+02
5.267642030469753536e+02
5.469906765938683293e+02
5.727386281163236390e+02
7.968742332263857406e+02
8.671174851788648539e+02
9.012359875840384120e+02
9.173481523073794506e+02
9.141769486917531822e+02
8.788823768089931718e+02
7.336051364605868912e+02
6.668119854826593382e+02
5.613983350139583308e+02
5.377736478995050220e+02
5.151663539143959269e+02
5.745361005782940538e+02
5.981627986244277508e+02
6.187223901032324420e+02
6.993570155035238258e+02
7.300562688809013707e+02
7.409907139613874278e+02
7.408919531940075558e+02
6.785539630254745589e+02
6.725953266593872968e+02
6.517837041518396290e+02
6.663937527222707331e+02
6.742170281416513262e+02
6.804480503013814996e+02
7.285326536250257732e+02
7.430677245632336962e+02
7.532301720366082236e+02
7.502833679434043006e+02
7.037782312852938276e+02
6.078734654962499917e+02
6.838480264324957716e+02
6.885751228841305647e+02
7.406584747430388234e+02
7.407998969021696212e+02
6.972729112516027499e+02
5.823633826242490841e+02
5.778136312741219172e+02
6.146121438884916870e+02
6.883938186300800908e+02
6.923929049973718293e+02
6.754348477454612976e+02
6.544405809613277825e+02
6.371544410187823360e+02
6.380728398968607280e+02
6.585123142458197663e+02
6.570584496915439559e+02
6.694788688178651910e+02
6.845919049440016124e+02
6.771787374932795274e+02
6.554424825019922309e+02
5.656326686848515237e+02
5.065401784164569108e+02
5.633160551602378519e+02
5.738379870135330520e+02
5.665499908069200501e+02
5.756459670460562847e+02
5.941652142786377908e+02
7.445771267737902690e+02
7.916518280534683072e+02
8.167150535074977142e+02
8.504491266234267641e+02
8.475985747193128645e+02
7.953150321229311430e+02
7.719527509277909303e+02
6.934592529760188881e+02
6.444811060707891102e+02
6.825445260845791609e+02
6.792739155951269368e+02
6.792306680191578607e+02
5.858316045165030346e+02
3.867417925949513346e+02
4.806303022121012418e+02
5.255179941645217241e+02
5.611426532437419610e+02
5.742906211590507155e+02
6.641060269576204291e+02
7.089845056174066258e+02
7.701986042477910814e+02
7.890087567139599969e+02
8.091438512688221181e+02
8.296916990010283826e+02
8.473154168880339512e+02
8.770274100548307388e+02
8.977665924057180291e+02
8.961392233040271549e+02
8.668034775912306031e+02
8.578474535170435047e+02
7.754813881072279855e+02
6.864292110957492241e+02
6.752069810117086490e+02
7.222309774601578738e+02
7.224663763601714663e+02
7.049197678505706790e+02
6.786690220527027577e+02
5.784382011663415142e+02
6.265673118824470293e+02
6.441738038580812145e+02
6.458475009649259846e+02
6.238220546242952196e+02
6.005177623302370193e+02
6.001157081298961202e+02
6.020153437100166229e+02
6.110325275639947904e+02
6.437890666513720817e+02
6.447277770014668477e+02
6.252143491115014058e+02
5.874302994471680677e+02
5.959291403816071124e+02
6.743237285070840699e+02
7.287590008528450198e+02
7.512254014960766426e+02
7.511231840181193320e+02
7.234179660520710513e+02
6.112651137552904856e+02
6.049094819619815553e+02
5.574268161997741799e+02
4.425922703986842066e+02
5.044887414432926107e+02
5.843914219208711529e+02
5.923023515664140177e+02
5.811569945926864875e+02
5.382956651780061748e+02
5.319075190138458993e+02
5.226701963841243241e+02
5.146667460581687692e+02
4.904878929078275291e+02
4.609769992285209810e+02
6.676180919021528553e+02
6.853879794863530606e+02
8.112686881854417607e+02
8.160078981356216445e+02
8.352408566085024404e+02
8.058441229566594757e+02
7.999520210812031564e+02
7.222290728038856287e+02
6.610088195121592207e+02
6.609371326450961988e+02
5.743357382808951570e+02
5.621152983724396108e+02
5.682645772011393319e+02
6.147797108935645838e+02
6.968152735562263160e+02
7.293615856508662318e+02
7.394732757822928306e+02
7.222536726768109929e+02
6.077273061542739470e+02
6.057447844414986093e+02
4.661186447117557350e+02
5.217027174536759730e+02
6.097249993350199020e+02
6.455918483066125191e+02
6.810045848575463197e+02
7.087680647974749490e+02
6.968329370533863312e+02
6.479121632502752846e+02
6.405081882879685509e+02
5.882352538442038394e+02
6.377869511601568320e+02
7.416892101192221389e+02
7.832022325635393827e+02
7.839069777206012759e+02
7.329630906110504611e+02
7.307341736244234198e+02
5.655870144998259548e+02
5.285550992997355024e+02
5.265620927063487215e+02
6.526294286150459811e+02
6.942128006155933235e+02
8.175192023520639850e+02
8.273489561421157532e+02
8.257387379983795199e+02
7.759665175054037718e+02
7.505915303330716597e+02
5.837998025962045858e+02
5.664566868037591121e+02
6.223833939234297077e+02
6.319200997523510068e+02
6.373250325736287323e+02
6.893339201426388172e+02
7.679035052408931961e+02
8.270406023022983391e+02
8.568358218813948497e+02
8.684268115159338777e+02
8.677508627036016833e+02
8.021420599831681102e+02
6.969894923657086565e+02
6.895541438660959557e+02
5.732470148797343654e+02
6.184945649816219202e+02
6.518596357414513704e+02
6.676265244624955812e+02
6.482717990264168293e+02
5.758798361431898911e+02
5.329051583363137752e+02
6.121432333341647336e+02
6.595150910301013027e+02
6.605123852315546173e+02
6.283058636828509407e+02
5.974995445046141640e+02
5.015271288216213748e+02
5.451325915207869457e+02
6.540328672843738786e+02
6.655357862278459606e+02
7.212891453253563441e+02
7.463743965600751835e+02
7.494239700017262749e+02
7.382113789550035108e+02
7.115978291011947476e+02
6.688250648395101052e+02
6.513349614428482255e+02
6.511351295317352879e+02
6.735288456849273189e+02
7.016316303546241215e+02
7.140638999122971882e+02
7.136918699084594664e+02
6.859346075134541252e+02
6.386455725742837330e+02
6.316426808454798447e+02
6.147337210834605230e+02
6.431923484370770439e+02
6.928764301392270681e+02
6.981842694338614592e+02
7.377789873923137520e+02
7.456300803526064556e+02
7.545063838291815728e+02
7.427150201270912930e+02
7.030973397728409964e+02
6.533951081829421810e+02
5.643353935486666160e+02
4.875062356781503468e+02
5.435139643153599991e+02
6.045480515955815690e+02
5.961669668210274722e+02
5.693651236350323188e+02
4.256684859163700025e+02
4.565106249132762741e+02
6.606886714095317075e+02
6.655243748912196224e+02
6.676193100393595614e+02
6.564991325279809189e+02
5.666365013074725994e+02
5.651142198763759552e+02
6.644131832645084614e+02
6.726147055642527448e+02
6.841167787929996393e+02
6.592803414416246142e+02
5.881936751820444442e+02
5.427411146663386035e+02
5.803278079514110459e+02
6.726223170519588166e+02
7.174313506281534956e+02
7.214635410800542559e+02
7.154268709251932705e+02
6.688460767512369785e+02
6.071792037284631078e+02
5.781152181612405911e+02
5.717179331401152922e+02
5.884916574267732585e+02
5.673119524932876629e+02
5.551978631636511636e+02
5.380286528482076847e+02
6.607699305922358235e+02
7.191323433455663690e+02
7.917933198274129154e+02
8.395558461580883431e+02
8.603206248912383671e+02
8.632701230715249494e+02
8.600844324433210204e+02
8.377012140321243123e+02
7.749661691349474495e+02
7.486639682690073414e+02
6.639488392968912649e+02
5.871992927852107869e+02
4.905361485756477578e+02
5.407473670422235728e+02
6.221161624972065738e+02
6.243544363087332840e+02
6.683735595338715711e+02
7.452718057626517520e+02
7.514481318026479357e+02
8.122217591354166188e+02
8.121963784816745147e+02
8.016456706625554034e+02
7.341789037393841681e+02
6.267188369907879633e+02
5.846344454696378534e+02
5.646894496133311350e+02
5.389262624834176449e+02
5.337456601601925286e+02
5.230597024438902736e+02
6.744984977824690304e+02
7.330170910229464880e+02
7.637594043957552685e+02
7.613594131106599434e+02
7.448272669604409657e+02
6.516433396884447120e+02
6.518499682314632082e+02
6.510169875154473402e+02
6.205628865042918960e+02
5.580826161734154311e+02
4.442159877695141859e+02
7.343063077634845968e+02
7.538419160860049715e+02
8.254894081891623046e+02
8.349437055484961547e+02
7.866399184552767565e+02
7.588913462828182901e+02
5.472546603527526941e+02
5.945046952129242754e+02
6.256373161951952397e+02
6.730533916822307674e+02
6.771635137655124481e+02
6.097168817881605491e+02
5.400958235615485137e+02
5.372317704010034731e+02
5.411275394753355386e+02
5.813104742754810559e+02
5.856885245505486637e+02
6.917995510649865309e+02
6.920098663098192446e+02
6.950838071185498848e+02
6.589216530918536137e+02
5.868151697950743255e+02
5.151665850825945654e+02
5.699497537444476620e+02
6.548260623949778392e+02
6.637354661820270394e+02
6.758723878221969699e+02
6.331701999932350873e+02
6.036628827493923382e+02
5.732237237129633058e+02
5.739142972730519432e+02
5.893261246778284885e+02
5.990319225274992050e+02
6.713600233267426347e+02
7.270149928351345352e+02
7.615675878856476402e+02
7.696431639115388634e+02
7.706409287580070213e+02
7.610876123064249441e+02
7.323639035554595011e+02
7.289771262490426125e+02
7.050413183874007927e+02
6.359989865919815202e+02
5.630626906309570359e+02
5.103628451012124287e+02
4.894425863307277496e+02
5.012076629990736478e+02
6.216596922458454628e+02
6.366701800051165492e+02
6.284601851499932081e+02
6.042030584143175247e+02
5.046859894306413707e+02
5.126272062060623966e+02
5.531898262444918828e+02
5.769824055273661543e+02
5.779009286944683481e+02
5.893476503156003901e+02
6.385758662865503084e+02
6.621125528225456947e+02
6.550534903529132862e+02
6.223837804099387085e+02
5.141095358945026419e+02
5.853887696778747340e+02
6.043381450459182815e+02
6.370973525239354558e+02
6.144005176699289450e+02
5.857220107160417228e+02
5.531210356396328507e+02
6.827719935151160371e+02
7.059513045998065763e+02
7.059269826318668493e+02
6.873365877379806079e+02
5.243355279250716876e+02
4.782882367823706886e+02
4.784470176131661106e+02
5.057111918881259385e+02
5.616379430727074578e+02
5.607854535414846850e+02
5.449917841799846201e+02
4.482748236978799241e+02
4.995430278565632989e+02
5.473930507455625047e+02
5.857037544636341408e+02
5.872646164823701156e+02
5.555619551657587181e+02
5.449514877709776783e+02
5.263682451727869420e+02
5.250998912489234272e+02
5.064005836578568278e+02
5.056399580728035517e+02
5.112253651757389434e+02
5.123078792840148026e+02
5.115664258378990326e+02
5.321661807247676279e+02
5.463176075704883488e+02
5.480504071463533364e+02
6.121448423846896958e+02
6.431134533803576687e+02
6.519408703982754787e+02
6.482394351766805585e+02
6.174334775199961314e+02
6.166513095771747430e+02
5.977989696644599462e+02
5.630504894686874877e+02
4.896850119793269869e+02
5.897808522419492192e+02
7.119634131796325391e+02
7.138086774579110170e+02
7.218130412065427208e+02
6.465263036195788118e+02
5.908542322335814561e+02
6.299489490086599517e+02
6.832937226911078596e+02
6.856401165533598032e+02
6.893045258761159175e+02
6.199196456035260780e+02
6.062834735679166442e+02
6.103755929002238645e+02
5.794880778299881285e+02
5.699978220645332385e+02
3.193990689174378304e+02
4.646315003727420390e+02
6.609932853752000028e+02
7.494941120528154670e+02
8.260535846622997269e+02
8.229694446462158339e+02
8.134633982490792050e+02
7.736787256939005601e+02
6.112815415815412052e+02
5.569622537674288196e+02
5.544180245240229397e+02
6.965658006072817443e+02
7.147597425094668324e+02
7.199970835638864628e+02
7.194560466181694665e+02
6.311104069766082603e+02
5.994820175424669060e+02
6.006537869653784583e+02
6.022521295191944546e+02
6.085162883110189114e+02
6.172423443112197674e+02
6.052948688532651431e+02
5.829336471663782504e+02
5.040587419573276975e+02
4.499724337354737145e+02
4.542869615160641956e+02
5.151276984996226247e+02
5.462030198926926232e+02
5.617534918889805340e+02
6.374455659216937420e+02
6.783883867299811072e+02
7.907171835460346756e+02
8.300529200811346300e+02
8.667072522875756704e+02
8.670765045490772991e+02
8.666858912746574788e+02
8.640711780059104967e+02
8.398841332140193572e+02
7.368679327800914507e+02
6.855542730845320420e+02
5.692622440966611066e+02
4.875894690689078743e+02
5.272056304901589101e+02
6.057546331523295748e+02
6.160483052016061265e+02
5.867199975255925892e+02
5.335337802925058668e+02
3.938602409229988552e+02
5.074744207728043079e+02
5.735548403219935381e+02
7.002137708141361827e+02
7.167793402432232597e+02
7.491019791683311269e+02
7.448323836979518546e+02
7.202294490278911780e+02
6.736406981481760567e+02
6.317525559117748344e+02
5.610678844913030616e+02
5.480936874598143049e+02
4.895362558621878861e+02
5.562636765630662694e+02
6.055504537445726783e+02
6.512075860784871111e+02
6.483677236396949866e+02
5.911368748622707017e+02
5.660905251791159571e+02
5.372775552316390986e+02
6.944722868101190443e+02
6.999802702758026953e+02
7.507355714785339842e+02
7.505663190752936771e+02
7.225089680232106275e+02
6.927658787494506214e+02
6.902930597630063403e+02
6.882797288613298861e+02
6.467601996066223364e+02
5.817405787656915663e+02
5.704790278708674123e+02
6.332822372106455759e+02
6.564042346462134674e+02
6.599928908883811118e+02
5.878337510138512698e+02
5.860588575419610606e+02
3.917813653969494680e+02
3.816707648262033672e+02
4.441806093858911595e+02
4.681441403402718606e+02
5.600078175578718174e+02
5.621466901464782495e+02
5.452456041685744594e+02
4.261274399963551787e+02
4.901335859255326568e+02
5.034529963382325377e+02
5.400561962288013547e+02
6.001421621627741843e+02
6.141550419811014763e+02
6.334765931640658891e+02
6.275194193473355426e+02
5.812646377978209102e+02
5.683650628491528778e+02
5.767007574794599805e+02
5.958253396284626433e+02
5.821341671814807341e+02
5.701388738151904363e+02
5.839274396100854574e+02
5.846933977742583011e+02
5.683636766702310297e+02
4.893740840937574035e+02
4.072017137616887226e+02
4.673395410429356502e+02
5.959842046703037113e+02
6.372158502474442230e+02
6.431548385524720288e+02
6.412611253952212564e+02
6.405052591753230899e+02
6.449682498165831248e+02
6.527487405081212728e+02
6.467431414347556711e+02
6.381800489149161422e+02
6.320491365301905944e+02
6.366994179187148575e+02
6.333964617362769332e+02
5.404288959849202456e+02
4.799353439486944239e+02
4.427090221528887923e+02
4.664391169890185438e+02
5.598869205494756898e+02
5.592114694001911630e+02
5.332958286938908259e+02
4.317043585153948584e+02
4.073910938880724188e+02
5.962370486562450651e+02
6.418283086917182345e+02
6.419708420802332967e+02
6.426368204464793052e+02
4.970465058478825426e+02
4.211181190476684151e+02
5.112759792950362225e+02
5.666678345186562638e+02
5.904811533204552916e+02
5.408520350459371002e+02
4.720286879703066347e+02
5.418073001527729957e+02
5.810624693872348416e+02
5.843580386340897803e+02
5.806354986840630090e+02
4.791069312868058887e+02
4.892469784556257082e+02
5.356655775188792177e+02
5.469439319811474434e+02
5.339677205347841209e+02
4.835417449920197441e+02
4.590739184031563127e+02
5.216490574560306186e+02
5.647868184754552203e+02
6.106729180951648459e+02
6.130103939175976393e+02
5.899893002515568696e+02
5.588440593562644381e+02
4.983910342639658779e+02
4.753175140904815521e+02
4.810846692702568816e+02
5.556170946487259243e+02
5.653352734328698261e+02
5.638597242962815699e+02
5.005446967855644402e+02
4.773573989172792267e+02
4.719148092802175825e+02
5.028655736663024527e+02
5.225468665977136880e+02
5.925443275409147645e+02
6.658372974585538486e+02
6.965389315652973892e+02
7.039705209145838580e+02
6.588880551537424708e+02
6.169058230756568264e+02
5.095132943307951336e+02
3.923446980937064836e+02
4.054309973945098591e+02
4.134983013245987991e+02
4.043667564656988702e+02
4.059269913001584200e+02
5.624601089782918280e+02
5.730709821018232333e+02
5.815953842760540056e+02
5.347939487625689026e+02
4.455168038277806772e+02
5.068742121279882440e+02
5.228826140297005622e+02
6.043767757519332235e+02
6.055330093948786043e+02
5.821756009945188453e+02
5.093589084685788748e+02
4.696092584332215552e+02
5.187749257286839111e+02
5.244485409015657069e+02
4.657170279115916856e+02
4.557252438624338424e+02
4.561159006039179076e+02
4.915386663711981328e+02
5.575337466958890218e+02
5.586888562475191975e+02
5.386855523482749959e+02
5.117979238871434973e+02
4.997556507402823627e+02
4.643355888075794269e+02
4.282275635311543169e+02
4.779643674927956454e+02
5.242720353944940825e+02
5.444683695882581560e+02
5.373283392650739643e+02
5.765813594210852671e+02
6.002103494616690114e+02
6.100508665337573575e+02
6.046828042165943771e+02
5.706696803521422225e+02
5.458048688797405248e+02
4.608299919568848964e+02
4.827020256467536683e+02
4.871726872132991275e+02
5.247783092355180088e+02
5.001568376400812213e+02
4.790550327366850070e+02
4.505350000430885302e+02
4.979915272708805105e+02
5.002301117777300306e+02
4.477413038052297907e+02
4.191165876212886587e+02
5.373109445331812140e+02
5.563869643862357179e+02
5.390478893469828563e+02
5.369562935385437186e+02
4.523347527670253498e+02
5.235258369764653708e+02
5.847507053038557387e+02
5.880688571139171472e+02
6.278664438005537249e+02
6.270221663981509437e+02
5.905302834788676591e+02
5.238897982320713709e+02
4.811056626625764352e+02
4.859545830716235741e+02
4.838397070703566669e+02
4.763534592883279402e+02
5.293320714564399623e+02
7.398359187688458860e+02
7.648349608112840770e+02
7.588033141507225992e+02
7.202906869265679006e+02
6.967878012931396370e+02
3.512079567901035944e+02
3.721186742095488853e+02
5.101592912976604453e+02
5.522829218586418847e+02
5.709668995065310355e+02
5.874717501428420974e+02
5.884206851627992592e+02
5.866325814247229573e+02
5.727839566037132499e+02
5.694942767193884947e+02
5.961775868766087569e+02
5.963743232367056635e+02
5.580917387274398607e+02
4.953887924920823593e+02
4.247732877803261999e+02
4.316322834665663208e+02
3.960835630369401770e+02
6.215120386336079719e+02
6.478898555388777822e+02
7.270750948545132815e+02
7.332423500871558417e+02
7.260848976757145010e+02
6.255773226455746681e+02
6.010702943315600351e+02
5.650837717329466159e+02
5.551054207767641628e+02
5.686731702675240285e+02
5.988370290910901304e+02
6.008310392572544743e+02
5.978422148880272289e+02
4.981262381118410758e+02
4.874400043412949799e+02
4.846693923739937873e+02
4.718023462933583687e+02
4.526105633760474802e+02
6.363630544625376615e+02
6.512475212118741865e+02
7.239106246171738803e+02
6.964544582523089957e+02
6.702108250687846294e+02
5.378381109409740475e+02
4.077989307656754363e+02
4.759053026876618446e+02
5.097674002231353825e+02
5.073084852369759119e+02
5.574918822691900004e+02
6.239150677295871219e+02
6.863202107715280818e+02
6.846219480653231813e+02
6.645144622085608717e+02
5.632445987503648439e+02
5.815115779270353187e+02
6.199348861216878959e+02
6.355973680303303581e+02
7.351504326017834501e+02
7.328877645401944392e+02
7.283478185708436285e+02
6.979069864004710553e+02
5.108952715469100667e+02
3.287710370929081023e+02
4.698801135033299943e+02
5.109437824392606444e+02
5.441743580030147314e+02
6.081859663880284188e+02
6.280776066351227200e+02
6.286361612322651808e+02
6.010282354000445366e+02
5.092578215068500640e+02
3.985429275023706168e+02
4.474626377526072361e+02
4.502259969043377623e+02
4.079972580920379528e+02
5.076567737174759145e+02
5.593595098823770968e+02
6.207660954803312734e+02
6.169806730925956799e+02
5.326669876158580337e+02
4.615286334238118116e+02
3.573601798463329828e+02
4.299057282042879251e+02
5.914541934149156077e+02
5.982676338819711646e+02
6.237767712446177484e+02
6.171064763705649057e+02
6.154820326495377003e+02
6.007672408345714530e+02
4.390368654878823804e+02
4.359388304504761891e+02
5.575872755340615186e+02
6.998386794506097885e+02
7.042686109554749692e+02
7.109533924134498193e+02
6.461349770918998274e+02
4.998446020562053036e+02
3.779073159490654916e+02
4.847087509490781940e+02
5.012585398543282622e+02
5.098383268405314084e+02
4.824923590952000723e+02
4.622021267006753078e+02
4.561494307071973253e+02
4.642509787434008786e+02
5.109128185884432014e+02
5.287934176897202860e+02
5.401098992530264695e+02
5.374808752682516797e+02
5.278904216672519851e+02
4.658102696337273301e+02
4.159869174477024103e+02
4.160869637449241054e+02
5.064682249362745097e+02
5.637569684253002151e+02
5.824404817432272239e+02
6.514487514739487324e+02
6.540339983766726846e+02
6.383665655964867938e+02
6.229088698881159871e+02
5.423657396118243241e+02
5.950115406661441284e+02
6.617027908128022773e+02
7.010677476246274864e+02
6.955372416590637386e+02
6.893027075058591890e+02
5.770763017541448789e+02
5.256490688374567526e+02
4.425992830961146183e+02
4.579103334665226157e+02
4.899706074005713958e+02
5.495873939078024932e+02
5.420762163267069127e+02
4.804526576522952723e+02
3.724248280163303662e+02
3.078146214385045027e+02
4.216172321942696044e+02
4.967781166547936778e+02
5.143354375612863123e+02
5.094825333848459650e+02
5.103727201726352973e+02
4.934329177216410471e+02
4.817777558336835568e+02
4.687447752812527142e+02
4.833885857878642014e+02
4.703168950644016491e+02
3.602678660183452166e+02
3.733501476867576230e+02
5.007606177989260914e+02
5.031183910245992479e+02
4.867221556471108102e+02
4.288010583960525537e+02
5.808750805425243016e+02
6.071941913149622678e+02
6.532013864016608977e+02
6.323931849441734130e+02
6.148503014257589712e+02
5.240780296443613224e+02
3.938919181479836880e+02
4.056659790361172782e+02
3.591678370858527956e+02
3.619184226683120187e+02
4.691166701413609417e+02
5.525734983651443599e+02
5.444094418752735010e+02
5.332207608895596422e+02
4.353709509468619103e+02
4.170211939051996524e+02
4.109765093229008812e+02
2.606141848539646162e+02
3.060005989303138563e+02
3.942287016309004457e+02
5.091768371082184785e+02
5.828334954205593021e+02
5.854651985557670741e+02
5.409488448275094470e+02
4.349982584394713285e+02
3.366871664526669292e+02
3.275443836791391732e+02
4.119880203458402548e+02
5.253271938423060874e+02
5.716371741606567412e+02
5.698411527793649611e+02
5.125215737175435606e+02
4.878922412877510624e+02
5.044791905313444431e+02
5.112226046868071876e+02
4.932372424947485570e+02
3.692147730582448730e+02
4.511256765528104893e+02
5.119049418860630567e+02
5.246410339723348670e+02
4.897578536597303582e+02
4.655751942654361528e+02
4.814296695249597633e+02
4.796527861797952710e+02
4.249604915759923074e+02
4.303504919652845047e+02
4.477297034084397183e+02
5.089074390669034642e+02
5.163915191610557258e+02
5.143290677884679098e+02
5.296450750320311727e+02
5.794127063219370939e+02
6.196721458960579412e+02
6.120201571542723968e+02
5.986773651687008169e+02
4.698034087017899765e+02
4.677131430889992316e+02
4.709369254211770794e+02
5.036067150153635339e+02
4.864533933082304316e+02
4.750263885090977283e+02
4.442663916839542253e+02
5.311590585616586395e+02
5.645613444375018162e+02
5.651514378650726940e+02
5.349114020820147744e+02
4.476011471017110921e+02
4.752469059481860540e+02
5.994023938081152210e+02
6.100313793084997087e+02
6.246158665347111310e+02
5.534211965749676665e+02
5.031324375907983608e+02
4.600354680388759334e+02
5.152564397820990507e+02
5.386780472865614229e+02
5.364631971636388243e+02
5.232467992918436721e+02
5.332334632849913305e+02
5.744801618923357864e+02
5.809761905467721590e+02
5.631291186198239984e+02
4.961838770953650624e+02
4.200004473490856185e+02
4.519872627703116450e+02
4.811257211234311058e+02
4.807091249427967341e+02
4.583961985612725698e+02
6.115885882068483852e+02
6.135175086323813503e+02
6.134899575939390388e+02
5.395258902552415066e+02
3.875912605834355418e+02
4.824438088218942084e+02
5.218413155503534426e+02
4.761202438369431889e+02
4.622332458483940627e+02
3.862462161674781100e+02
4.157104880982822692e+02
3.982260279570390935e+02
4.650483817465076868e+02
4.724327156351996564e+02
4.696394837469189270e+02
3.596283744276099128e+02
4.936119588748825890e+02
5.411116019736925864e+02
5.949939980545335629e+02
5.916762613268879250e+02
5.544492260691632737e+02
3.534080727893744438e+02
4.529710195854696053e+02
4.421474075557881065e+02
4.411090970412508341e+02
3.010670089674170526e+02
3.542145046812993314e+02
4.004011248704745753e+02
4.062386124045065117e+02
4.397139555271343738e+02
5.656197839826505742e+02
5.708991706833187436e+02
5.570766521577171488e+02
4.204301548797284340e+02
5.050169031267342916e+02
5.054607745179694689e+02
5.412266436968743619e+02
5.477629780114591540e+02
5.581728237620628761e+02
5.539966837220280240e+02
5.283182167680311068e+02
4.760154040225446579e+02
5.286586351019317362e+02
5.447792699960317577e+02
5.403944494900418931e+02
4.625377613139710320e+02
3.991842704106459223e+02
3.358681164787490729e+02
4.079947734882753707e+02
5.632818236564547760e+02
6.114911786275740724e+02
6.001477279064783943e+02
5.984449227455776281e+02
4.414532363617813644e+02
4.502025847857956933e+02
4.653509986999927150e+02
4.839091127656367917e+02
4.459745177250188704e+02
3.253113530705080620e+02
2.907653963375892090e+02
3.231745960122838710e+02
3.386377505531754082e+02
3.970015307617671851e+02
5.567806419138652245e+02
6.124576161627264810e+02
6.102127244965959108e+02
5.797133849806878061e+02
3.583505806822149680e+02
4.691233433432145716e+02
5.499515050613983931e+02
6.519306452174084825e+02
6.370209740218759862e+02
6.287575256562348613e+02
4.631880929821252835e+02
3.362366603641054894e+02
3.347929845748623165e+02
3.445659058977894347e+02
4.989245816756109093e+02
5.895710026615769266e+02
6.516010069243059206e+02
6.557073270075796927e+02
6.353636282734429415e+02
6.347009688909639635e+02
5.396406643942572146e+02
5.096220061570846838e+02
3.775284650169316478e+02
2.783389400553014639e+02
3.001811927645590572e+02
3.244505743856389586e+02
4.190523246208610999e+02
4.302251857363197587e+02
4.078134324160896540e+02
3.613400083911966476e+02
4.262068349412851944e+02
4.332182277312186898e+02
3.877962344828825962e+02
3.361621162823532813e+02
4.326565074773272954e+02
6.295591724819651063e+02
6.686617538090083599e+02
6.876904668852737359e+02
6.602333152062384443e+02
5.789692547179863595e+02
3.903334032794082873e+02
2.395944002921952745e+02
3.266767671548596468e+02
3.713174541035460265e+02
4.076685385167246523e+02
4.263627392282031110e+02
4.147929202311319159e+02
4.076209470295076471e+02
2.377418522296968035e+02
4.009958979928188683e+02
4.775489308529579375e+02
4.987287956668053539e+02
4.713679117202853490e+02
4.449702281510795387e+02
4.542970850704876966e+02
4.353356462828003259e+02
4.082310570484956997e+02
4.327179312382495482e+02
4.238166276308087390e+02
3.000038263148755959e+02
3.081138701095086958e+02
3.226325488848407872e+02
5.498198241685556695e+02
5.499898119384421307e+02
5.427789273074988614e+02
5.257899985413100694e+02
3.822825895473071114e+02
4.491236540171495335e+02
4.543351397705995396e+02
4.423296343396499992e+02
4.402166195780618523e+02
3.788602034187450158e+02
2.794666766921187673e+02
3.607235983341836913e+02
5.424986136319058687e+02
5.433388459897026905e+02
5.474755993475891955e+02
4.776899619678861768e+02
4.168296505326047168e+02
4.186810618601193710e+02
4.109782030548437319e+02
4.227532915781979455e+02
4.274323571555580088e+02
4.255719614133176947e+02
4.061350485850360883e+02
4.060495824364075474e+02
3.340176457891677728e+02
2.670874092415878636e+02
5.578001959183641247e+02
5.691191816447563951e+02
5.724436776581069353e+02
5.222387824401344005e+02
2.345020284614856791e+02
4.004041999031156820e+02
4.506750081287477201e+02
4.635359733509436069e+02
5.820201464011112193e+02
6.207432990138622699e+02
6.268648789705862328e+02
5.840332786245724037e+02
4.625366847632802774e+02
5.256253164618690334e+02
6.093758419772029811e+02
6.610831458533327805e+02
6.770734320658484648e+02
6.481816102718493084e+02
5.752404748397098047e+02
3.512908193178483316e+02
3.621040652256173189e+02
4.280030658539595834e+02
4.276151701950245752e+02
4.678382419963841699e+02
4.675439273402776621e+02
4.491363542350560465e+02
4.477450582897401432e+02
4.589353888356666289e+02
4.731664471894349617e+02
3.932833618917461536e+02
3.838627436508648429e+02
4.663761883003298863e+02
5.188444085066852267e+02
4.848072220155031005e+02
4.568523591697555730e+02
3.128444504011957861e+02
3.221505418881737910e+02
2.674214143530086858e+02
5.021492514779009753e+02
5.567951026533927461e+02
5.596259997409924836e+02
5.152380099219716385e+02
4.539084401066088503e+02
5.720921719396869776e+02
5.722978660321363122e+02
5.512066816577255395e+02
4.905490164497902583e+02
2.902183778408117405e+02
2.903699850817528727e+02
2.594992350958975749e+02
3.863094089690816304e+02
4.886592934997332804e+02
4.926739602560942330e+02
4.581128757046206488e+02
3.697882143694158685e+02
3.112146940263210695e+02
4.357349198119833886e+02
4.633706963434882482e+02
4.644069959643395009e+02
4.767683641499014584e+02
4.594895601276294315e+02
4.534960030446067663e+02
2.257465517727321185e+02
2.717104618493684711e+02
3.907196583555227107e+02
4.672903206777617697e+02
4.825725868273058268e+02
4.342504596531716743e+02
3.525382682606704066e+02
4.740389613095394452e+02
4.753414996949824172e+02
5.031123191622866671e+02
4.544925978250522007e+02
4.672931910164089686e+02
4.686354155926941303e+02
4.320504604005515148e+02
3.724692620297294070e+02
3.722459324081092973e+02
3.516659257794943869e+02
4.327987559922265177e+02
4.403863642566558383e+02
4.277345437219157702e+02
2.978133693027517666e+02
3.298431243697675654e+02
4.716151062665967402e+02
4.815539995788461738e+02
4.724270073265785754e+02
3.460876509894166020e+02
3.034169991390465384e+02
3.011753007947967262e+02
2.262636918504324797e+02
3.964071680114270748e+02
4.343906924388471111e+02
4.988279030596648340e+02
4.958250028729832479e+02
4.308805661288520241e+02
2.860596357883500787e+02
2.409417776669069440e+02
4.676422668643194811e+02
5.047979333280597416e+02
5.255614883693992851e+02
4.590594643897148330e+02
2.699336492968748757e+02
4.424028217093690500e+02
4.540909020811167807e+02
4.542245732884690028e+02
2.319424815395947235e+02
3.031211997383378502e+02
3.222581348910969723e+02
2.471992203074317160e+02
3.154811290772554457e+02
3.648233964587840887e+02
3.241962344168670143e+02
2.064447402768120128e+02
2.853530613462321526e+02
2.859632909776485690e+02
3.883651784170220367e+02
4.054706462785970871e+02
4.861237551758666768e+02
4.863469111567702612e+02
4.609070544657466826e+02
4.355500464835181447e+02
4.253052535429457635e+02
3.809512487770207372e+02
3.386956095365665647e+02
3.118892507214971488e+02
2.779672889691343016e+02
2.742945841352761249e+02
3.819164312059417057e+02
3.853523965610268078e+02
4.068057228866187529e+02
4.088199040226093075e+02
3.608291282805222409e+02
3.110669850943476149e+02
4.141680099785579614e+02
4.288966113125462130e+02
3.972122055033737524e+02
4.002980629647328215e+02
4.116638326314228493e+02
4.205652026031391415e+02
3.816646443991104434e+02
2.743182492882129964e+02
2.655592298151933619e+02
3.708612942594874085e+02
3.984656329205664065e+02
3.680899374086446301e+02
2.941093138952932122e+02
3.366056660504649471e+02
3.130490648039084363e+02
3.283116721049150897e+02
3.385639624392371161e+02
4.842332660409256277e+02
5.144221241391589956e+02
5.382537163482933238e+02
5.357959151232346358e+02
4.960986140522919072e+02
5.193757278814508709e+02
5.107336761256269710e+02
4.300296135499630168e+02
2.809540828921667526e+02
2.714536018930404566e+02
3.960608974992076696e+02
4.002859044766359489e+02
3.527680643664260174e+02
3.129217327882707309e+02
3.236553986401706879e+02
4.870975357882423395e+02
5.436427627248280032e+02
5.462868084565188838e+02
5.011603444055922409e+02
3.703520766695418160e+02
3.698271391784103344e+02
2.483095024731470915e+02
3.448017719970050621e+02
3.545930295184666079e+02
3.087147340578410990e+02
2.833538078589526776e+02
3.497714960033327998e+02
3.726492424788183939e+02
3.991247852665516689e+02
4.870260245732348494e+02
4.880173383653608425e+02
4.538723216647010759e+02
4.083631446709659940e+02
2.988185966213525262e+02
3.144886901520424090e+02
3.243253429431711083e+02
3.399918890231769524e+02
3.474560144603173626e+02
3.389249392988417071e+02
2.608846520550505375e+02
2.627574819595400299e+02
3.448727279373758279e+02
4.651308372376649345e+02
4.792549447332144723e+02
4.333570915248573101e+02
3.233393743954903243e+02
2.305810187092094168e+02
3.110778830732063511e+02
3.163553141076298516e+02
4.253837561340724847e+02
4.581537774025192107e+02
4.926122506134056493e+02
4.690027884023696743e+02
4.151512449646755840e+02
3.860899813941154548e+02
3.684370368117087082e+02
3.450340867149362793e+02
4.008824345969076148e+02
4.126785975730476821e+02
3.940976623868788238e+02
2.986585620658418065e+02
2.606286385329024142e+02
3.634635009222594704e+02
3.577694900933115036e+02
1.862987128009557978e+02
2.770701102387811829e+02
3.892361021889226436e+02
3.914213559461808813e+02
2.869500679229315665e+02
3.967519466013431497e+02
4.513862208832907754e+02
5.017868354271267890e+02
4.938515311724801222e+02
5.265187069428438917e+02
5.365991070279519590e+02
5.328430990658739574e+02
4.364634869790581888e+02
3.511001243627080157e+02
1.759614487552844366e+02
2.954528929494998692e+02
3.599825585134886410e+02
3.480219946074548716e+02
2.252398564010656230e+02
3.607929999749834451e+02
3.687646669825435310e+02
2.574252574314929234e+02
3.912261307256758300e+02
5.102355189838157230e+02
5.092721479668338702e+02
4.567495207015605274e+02
2.362897576336793293e+02
2.296803888367011552e+02
3.485032000435249984e+02
4.036795882497355024e+02
4.003745357980251924e+02
3.737185831598079631e+02
3.708877932970278835e+02
2.602641396303823740e+02
4.009163467731872288e+02
4.941419597084774296e+02
4.955250954062338451e+02
4.464044700501609100e+02
4.241825243087231456e+02
4.215343016869805979e+02
3.331147175892711516e+02
1.811316788310900563e+02
3.540307752064096576e+02
4.332158360823620455e+02
4.343505203990086443e+02
3.456227303411684488e+02
3.482612168950737441e+02
4.312026799145440350e+02
4.308295096418036110e+02
4.072863823429311196e+02
2.109341122681134095e+02
3.384629100081142496e+02
5.455774154212361964e+02
5.795300016503787219e+02
5.482474978217937860e+02
5.419229957097148827e+02
2.427239835075766052e+02
3.228375382881985161e+02
2.722036328490203232e+02
3.307969843666840006e+02
3.567578557883424537e+02
3.166460140589977641e+02
2.625056179047866181e+02
2.493060302431646562e+02
2.424720492434095149e+02
2.313329878797232197e+02
2.236216125629914870e+02
2.223452734341299220e+02
2.429028684295718961e+02
3.028076604413745372e+02
2.872926164781267744e+02
3.085596142154270183e+02
3.602099537801413476e+02
3.147108990228947505e+02
4.239302447188752012e+02
4.377786755444585651e+02
4.381868251347528940e+02
2.260497060418236970e+02
3.503754368225019107e+02
3.664927953315536797e+02
3.669920204438549831e+02
3.382981169286310887e+02
3.863011655474832651e+02
3.894973464106357710e+02
3.564778656889643571e+02
3.220176921978907103e+02
2.533737620122107899e+02
2.690816530881968447e+02
2.731036251663014127e+02
2.767113591444744429e+02
3.963723340899829282e+02
4.049952954522801747e+02
3.292259874242375304e+02
2.228502948027153820e+02
4.031177576734458512e+02
4.950804786718856576e+02
4.963744599914052742e+02
4.370406888201479774e+02
3.375168490783223660e+02
3.231077227271549646e+02
2.636080148909710488e+02
2.391225556956869980e+02
2.895528728496242366e+02
3.072546020714400470e+02
3.877268992433574226e+02
3.928265069469981654e+02
3.620571630921005521e+02
5.042146661608809950e+02
5.811260068700906913e+02
5.875069696250145626e+02
5.817723241729377150e+02
3.824084070728519009e+02
3.501751518149030176e+02
2.669301028556737378e+02
2.680823984101635915e+02
2.634969297730801259e+02
2.672306127874097683e+02
2.820432802924631801e+02
3.559280692006836375e+02
3.232587884912368281e+02
2.121542475956534020e+02
1.751424465898954566e+02
3.837140071135198696e+02
4.643894868404466365e+02
4.877850014955186566e+02
4.579201107900448733e+02
3.666884822391893977e+02
3.511605623599228920e+02
3.258045850641855736e+02
3.588382463824659112e+02
3.411066035225326232e+02
2.343933624311960671e+02
2.888935513679480778e+02
3.039989858900116815e+02
2.698584891445845528e+02
3.092352503285487728e+02
3.346673363854806666e+02
4.187652067296462519e+02
4.170892059586747678e+02
3.990001534947066943e+02
3.209452680598577672e+02
3.250805586942033187e+02
2.346778862056773676e+02
2.746360516311560218e+02
2.788644366852090570e+02
2.229308570039118820e+02
1.975963972627632188e+02
1.987903812936862664e+02
3.293188173016633300e+02
3.297172810672444143e+02
2.467775558252044448e+02
2.964858365328987020e+02
2.717736496899644862e+02
2.272151223275911889e+02
2.228830925208633857e+02
4.472032798826062390e+02
5.371209348609154404e+02
5.375097857678219953e+02
4.915220572976748485e+02
2.875596033684030317e+02
2.584250720085074136e+02
2.319562692360084952e+02
2.294781690662090341e+02
2.880624290974245696e+02
3.095029541269227593e+02
2.045974728109822252e+02
3.203361997607998433e+02
4.110691057250975859e+02
4.087688080134682878e+02
3.388180082246602751e+02
3.246283473965179383e+02
1.652030525282356734e+02
4.120923116420669885e+02
4.282704875890742073e+02
4.385389544297240718e+02
2.826829443501143260e+02
2.948213585159271588e+02
2.987427533375180246e+02
1.684313952530216341e+02
2.709200622819570299e+02
3.489072511557274652e+02
3.990892986601299981e+02
4.024945621289659812e+02
3.570415882977894171e+02
2.661986535170826187e+02
2.249070953880277273e+02
2.609170025468441736e+02
1.925224827834854580e+02
3.201563283615071214e+02
4.131110628845167412e+02
4.127449432883005898e+02
3.764737051525009974e+02
3.756421945231614927e+02
2.692845789275441462e+02
1.659975856489201362e+02
1.541103576477887032e+02
2.449322962186445523e+02
3.779053244471284074e+02
3.868057486967228442e+02
3.627326617806801323e+02
3.395341447134393320e+02
1.863954698054345158e+02
3.101849433494793402e+02
4.367879239813421464e+02
4.373597680210467615e+02
3.480860906579463858e+02
2.404521027555675801e+02
3.617067164438447548e+02
3.761267781636079803e+02
3.008332436127475376e+02
3.002005698920666532e+02
3.100152102380289421e+02
3.098118534849875232e+02
2.995726202040681301e+02
3.446524734502639831e+02
3.901230058584748122e+02
3.692652814603358138e+02
3.452136613351945016e+02
3.675745888288993228e+02
3.405331538731524006e+02
2.559137668930746656e+02
2.204609343596256679e+02
2.769988429005455259e+02
2.370100369259283468e+02
3.013171207110614205e+02
4.833991576635169167e+02
4.811814843964315855e+02
4.684073861248103299e+02
1.739467591471751007e+02
2.195237950809226106e+02
2.383046002815114264e+02
2.748567878679226055e+02
4.022665535063302968e+02
4.025750657403565356e+02
2.988371132605968228e+02
1.518334912148998797e+02
2.536368500707758358e+02
2.698364673611597482e+02
2.140962892364242975e+02
1.926521282647678390e+02
1.776113782789965398e+02
1.835618095740474303e+02
2.915305510178632176e+02
2.908090459953698428e+02
2.374123047367605750e+02
2.406931710029293754e+02
2.367527541518650196e+02
3.348295828767011244e+02
3.093392222693782969e+02
2.555294464716558025e+02
2.801439008120454446e+02
3.803732389582477253e+02
3.967724364277295876e+02
3.492742829856643993e+02
1.847764040895322921e+02
2.061493079527597843e+02
2.114842170336959839e+02
3.097147937475825188e+02
3.148540116820985304e+02
2.717601622075583805e+02
3.242550726103066836e+02
2.818226418257947898e+02
3.001181775085206027e+02
3.139994338376129122e+02
1.986560491455340980e+02
1.986219284018158646e+02
2.206086184572799880e+02
1.830326931582288523e+02
1.554002861292592286e+02
2.703383214974799102e+02
2.703431866267104056e+02
3.136634625497117668e+02
3.610247797199596107e+02
3.526137683223428212e+02
2.851284038354362451e+02
1.630891981485349902e+02
3.057357449335917750e+02
3.220923278989874348e+02
2.478924305907214602e+02
2.786462380665980163e+02
3.388836793192140249e+02
3.054315910260563101e+02
2.266999297631095942e+02
2.607246666699942352e+02
2.018302640428126153e+02
1.577129313324975328e+02
2.854746816077086464e+02
3.633108803330610499e+02
3.241860831994416685e+02
2.253924573603270574e+02
3.276138290181032175e+02
2.990350321847907935e+02
1.774388291456809270e+02
2.320885887164795065e+02
2.184187135503135551e+02
1.699840254322050725e+02
1.950231456736565576e+02
2.593512495466079599e+02
3.104427482049918012e+02
2.660400872167567741e+02
2.782344683583315827e+02
2.733834436496213129e+02
2.595075790839746332e+02
2.898646309375009196e+02
1.941572992134506421e+02
1.445410084954488923e+02
1.450620200754685811e+02
1.462236361208188384e+02
2.118230796159636498e+02
2.361558379592649999e+02
2.351415773140680585e+02
2.311760302249479366e+02
1.676456514273459391e+02
2.751248916580366313e+02
2.773377711236950631e+02
1.791697200264880792e+02
1.756310565707241267e+02
2.448085090004567235e+02
3.011708383126623403e+02
2.261500007867713293e+02
1.446406261745209463e+02
1.574707192134555385e+02
1.586950903226181993e+02
1.926331505204655627e+02
2.226778323439722271e+02
3.881836410919699460e+02
3.978237355240584634e+02
3.281181857871786747e+02
1.554758866386988245e+02
3.077939360596551523e+02
3.079298724314256219e+02
1.873330930872987778e+02
1.628911577614333623e+02
2.901237872671145510e+02
2.899733974855474230e+02
1.484667324329103906e+02
2.903186308071859116e+02
2.983151961909424585e+02
1.709648725644445619e+02
2.335068754062425000e+02
3.330001737939631994e+02
3.014497729600088292e+02
1.499678953137791098e+02
1.656349857400514338e+02
1.684112958830874334e+02
2.423643673564994572e+02
2.352846600032131903e+02
1.443197140116145079e+02
1.481097525180009029e+02
1.517773905148056031e+02
1.485860439625372749e+02
3.566493367235843266e+02
3.764656709205306129e+02
3.436999813623501154e+02
2.075523972517014784e+02
2.497095742571235633e+02
2.576890529606442328e+02
1.609625674092703491e+02
2.376808066352308799e+02
2.770720437221070824e+02
1.956747299109102585e+02
1.502618861469946410e+02
1.502720193609164028e+02
1.442881290922382220e+02
1.851233104511599947e+02
2.751206510721340806e+02
2.492783616655038657e+02
1.498013868451531607e+02
1.443277091309493869e+02
1.515786231606816443e+02
1.720419915308844736e+02
2.805865287285985232e+02
2.678496669007098490e+02
1.448680036624810725e+02
1.797148184835839118e+02
3.000763875883858418e+02
2.850571937491664016e+02
1.623713475479158319e+02
2.161890127877742600e+02
2.032129896266009155e+02
1.580117322612303781e+02
1.872138504903346643e+02
1.779453855968643836e+02
1.498809310216611550e+02
1.817450115355610194e+02
1.868383557039307163e+02
1.551596458187726455e+02
1.514911199358524243e+02
1.513666797474071188e+02
2.814018807460083167e+02
2.814043270702620703e+02
1.442679620535672882e+02
1.475873347226405770e+02
1.557072008724366299e+02
1.525045086370238607e+02
2.773271213289617663e+02
3.638044106698929454e+02
3.497823450992794960e+02
1.545202212023633024e+02
1.451209994591139889e+02
2.206188213124376318e+02
2.206198567149700693e+02
1.547653027861527164e+02
1.569976845586228649e+02
2.150554822105495987e+02
2.128832293366274087e+02
2.420904500983690184e+02
2.422722597968938771e+02
1.444558298391596338e+02
2.860837196814638901e+02
2.924641006284413152e+02
1.612557534942509676e+02
1.444069094524726609e+02
1.445232114260424510e+02
2.316526137006561044e+02
2.316632480508604317e+02
1.559187333414085970e+02
2.247325339345518103e+02
2.140330169179061386e+02
1.442635655834736212e+02
2.854514619274215761e+02
2.854515033179120564e+02
2.151538270180683128e+02
3.203898579347834357e+02
2.905622457118458897e+02
1.533050150140638550e+02
1.592088591784171285e+02
1.501693379296420119e+02
1.442643698590951828e+02
1.442865897158694963e+02
1.442858948755344102e+02
1.587612886340794489e+02
1.588094270952573765e+02
1.443703563843638449e+02
1.443221123597705287e+02
1.442640505925015759e+02
1.867059763565096375e+02
2.114479742211731548e+02
1.778474806704778075e+02
1.523593786477282777e+02
2.503124338297122335e+02
2.503930105633294545e+02
1.445495885042559223e+02
1.445448567520476502e+02
1.459023117954072291e+02
1.468499285832674843e+02
1.883299179135784414e+02
1.873067823084173540e+02
1.442652292242270846e+02
1.499554604214345659e+02
1.499554604215911127e+02
1.459951021617724791e+02
1.460144333045931830e+02
1.442831507369676558e+02
1.445080828282412995e+02
1.445078289037831780e+02
1.526977159294984290e+02
1.529395796498911011e+02
1.445054350302646640e+02
1.442635656088519340e+02
2.885188851992445507e+02
2.885188852159096768e+02
1.442635793263472692e+02
1.442635788046540313e+02
1.442977081541518203e+02
1.443148563186827289e+02
1.442936840081698051e+02
1.479006575435691389e+02
1.481423815930515389e+02
1.445182606997998676e+02
1.535264009597586039e+02
1.535264009598378721e+02
1.442635655807869171e+02
2.735710509434833853e+02
3.583084875592866183e+02
3.262648982244465969e+02
1.444797597767943955e+02
1.443654456768618957e+02
1.443655023055401898e+02
1.442636222890726572e+02
1.541333855151339094e+02
1.541333855151339094e+02
1.442635724816582581e+02
1.442635724818597680e+02
2.507965028521160491e+02
2.585951874011457221e+02
2.648059017739905698e+02
2.574767677708735505e+02
1.442635655806299440e+02
1.442814838900985990e+02
1.442814838900985990e+02
1.442640127122614615e+02
1.442640288584422308e+02
1.766927358046652046e+02
1.766927196588969764e+02
2.442369680885679770e+02
2.997576089527153727e+02
2.239639502563516089e+02
1.442636214780378907e+02
2.687184860941437137e+02
2.687184860941437137e+02
1.454311714209893012e+02
1.454311714209893012e+02
1.442789002856773664e+02
1.442789002856773664e+02
2.278346302701231707e+02
2.278346302701231707e+02
1.484861597167838454e+02
1.484861597167838454e+02
1.442635655807195292e+02
1.442635655807195292e+02
1.442635655806299440e+02
1.447602288481539574e+02
1.447602288481539574e+02
1.442635655806299440e+02
2.497058643553354500e+02
2.497058643553354500e+02
1.442635655806299440e+02
1.442635655806299440e+02
1.681226137054026424e+02
1.681226138148438736e+02
1.442635656900713457e+02
1.443287376128713504e+02
1.443287376128713504e+02
1.442635655806299440e+02
1.442635655806299440e+02
1.442635655806299440e+02
1.442635655806308534e+02
1.442635655806308534e+02
1.442635658874117439e+02
1.442635658874117439e+02
1.442635655806299440e+02
1.442635655806299440e+02
1.442635655806299440e+02
1.442635655806299440e+02
1.442635655806299440e+02
1.442635655806299440e+02
1.442635655806299440e+02
